============================================================
College Basketball Data Scraper
============================================================

[1/3] Initializing database...
2025-11-04 19:16:42,509 - INFO - Database initialized successfully
✓ Database initialized

[2/4] Choose scraping option:
  1. Scrape single season (2025 - current)
  2. Scrape multiple seasons (2021-2025)
  3. Scrape full historical data (2015-2025)
  4. Scrape recent games (last 7 days)

Enter choice (1-4): 
[3/4] Fetching team information...
2025-11-04 19:16:42,510 - INFO - Fetching: https://site.api.espn.com/apis/site/v2/sports/basketball/mens-college-basketball/teams
2025-11-04 19:16:43,745 - INFO - Found 362 teams
2025-11-04 19:16:43,811 - INFO - Saved 362 teams to database
✓ Saved 362 teams

[4/4] Scraping data...
Scraping seasons 2021-2025...
2025-11-04 19:16:43,811 - INFO - Scraping seasons 2021 to 2025
2025-11-04 19:16:43,811 - INFO - Starting full scrape for 2021 season
2025-11-04 19:16:43,811 - INFO - Scraping 2021 season from 2020-11-01 to 2021-04-30
2025-11-04 19:16:43,811 - INFO - Fetching: https://site.api.espn.com/apis/site/v2/sports/basketball/mens-college-basketball/scoreboard
2025-11-04 19:16:44,897 - INFO - Found 0 completed games for 20201101
2025-11-04 19:16:44,899 - INFO - Fetching: https://site.api.espn.com/apis/site/v2/sports/basketball/mens-college-basketball/scoreboard
2025-11-04 19:16:46,103 - INFO - Found 0 completed games for 20201102
2025-11-04 19:16:46,104 - INFO - Fetching: https://site.api.espn.com/apis/site/v2/sports/basketball/mens-college-basketball/scoreboard
2025-11-04 19:16:47,219 - INFO - Found 0 completed games for 20201103
2025-11-04 19:16:47,220 - INFO - Fetching: https://site.api.espn.com/apis/site/v2/sports/basketball/mens-college-basketball/scoreboard
2025-11-04 19:16:48,324 - INFO - Found 0 completed games for 20201104
2025-11-04 19:16:48,325 - INFO - Fetching: https://site.api.espn.com/apis/site/v2/sports/basketball/mens-college-basketball/scoreboard
2025-11-04 19:16:49,435 - INFO - Found 0 completed games for 20201105
2025-11-04 19:16:49,436 - INFO - Fetching: https://site.api.espn.com/apis/site/v2/sports/basketball/mens-college-basketball/scoreboard
2025-11-04 19:16:50,542 - INFO - Found 0 completed games for 20201106
2025-11-04 19:16:50,543 - INFO - Fetching: https://site.api.espn.com/apis/site/v2/sports/basketball/mens-college-basketball/scoreboard
2025-11-04 19:16:51,632 - INFO - Found 0 completed games for 20201107
2025-11-04 19:16:51,634 - INFO - Fetching: https://site.api.espn.com/apis/site/v2/sports/basketball/mens-college-basketball/scoreboard
2025-11-04 19:16:52,990 - INFO - Found 0 completed games for 20201108
2025-11-04 19:16:52,991 - INFO - Fetching: https://site.api.espn.com/apis/site/v2/sports/basketball/mens-college-basketball/scoreboard
2025-11-04 19:16:54,089 - INFO - Found 0 completed games for 20201109
2025-11-04 19:16:54,090 - INFO - Fetching: https://site.api.espn.com/apis/site/v2/sports/basketball/mens-college-basketball/scoreboard
2025-11-04 19:16:55,201 - INFO - Found 0 completed games for 20201110
2025-11-04 19:16:55,202 - INFO - Fetching: https://site.api.espn.com/apis/site/v2/sports/basketball/mens-college-basketball/scoreboard
2025-11-04 19:16:56,502 - INFO - Found 0 completed games for 20201111
2025-11-04 19:16:56,503 - INFO - Fetching: https://site.api.espn.com/apis/site/v2/sports/basketball/mens-college-basketball/scoreboard
2025-11-04 19:16:57,602 - INFO - Found 0 completed games for 20201112
2025-11-04 19:16:57,603 - INFO - Fetching: https://site.api.espn.com/apis/site/v2/sports/basketball/mens-college-basketball/scoreboard
2025-11-04 19:16:58,708 - INFO - Found 0 completed games for 20201113
2025-11-04 19:16:58,710 - INFO - Fetching: https://site.api.espn.com/apis/site/v2/sports/basketball/mens-college-basketball/scoreboard
2025-11-04 19:16:59,832 - INFO - Found 0 completed games for 20201114
2025-11-04 19:16:59,834 - INFO - Fetching: https://site.api.espn.com/apis/site/v2/sports/basketball/mens-college-basketball/scoreboard
2025-11-04 19:17:00,931 - INFO - Found 0 completed games for 20201115
2025-11-04 19:17:00,932 - INFO - Fetching: https://site.api.espn.com/apis/site/v2/sports/basketball/mens-college-basketball/scoreboard
2025-11-04 19:17:02,047 - INFO - Found 0 completed games for 20201116
2025-11-04 19:17:02,049 - INFO - Fetching: https://site.api.espn.com/apis/site/v2/sports/basketball/mens-college-basketball/scoreboard
2025-11-04 19:17:04,497 - INFO - Found 0 completed games for 20201117
2025-11-04 19:17:04,498 - INFO - Fetching: https://site.api.espn.com/apis/site/v2/sports/basketball/mens-college-basketball/scoreboard
2025-11-04 19:17:05,638 - INFO - Found 0 completed games for 20201118
2025-11-04 19:17:05,639 - INFO - Fetching: https://site.api.espn.com/apis/site/v2/sports/basketball/mens-college-basketball/scoreboard
2025-11-04 19:17:06,826 - INFO - Found 0 completed games for 20201119
2025-11-04 19:17:06,827 - INFO - Fetching: https://site.api.espn.com/apis/site/v2/sports/basketball/mens-college-basketball/scoreboard
2025-11-04 19:17:07,978 - INFO - Found 0 completed games for 20201120
2025-11-04 19:17:07,979 - INFO - Fetching: https://site.api.espn.com/apis/site/v2/sports/basketball/mens-college-basketball/scoreboard
2025-11-04 19:17:09,066 - INFO - Found 0 completed games for 20201121
2025-11-04 19:17:09,067 - INFO - Fetching: https://site.api.espn.com/apis/site/v2/sports/basketball/mens-college-basketball/scoreboard
2025-11-04 19:17:10,167 - INFO - Found 0 completed games for 20201122
2025-11-04 19:17:10,168 - INFO - Fetching: https://site.api.espn.com/apis/site/v2/sports/basketball/mens-college-basketball/scoreboard
2025-11-04 19:17:11,272 - INFO - Found 0 completed games for 20201123
2025-11-04 19:17:11,273 - INFO - Fetching: https://site.api.espn.com/apis/site/v2/sports/basketball/mens-college-basketball/scoreboard
2025-11-04 19:17:12,370 - INFO - Found 0 completed games for 20201124
2025-11-04 19:17:12,371 - INFO - Fetching: https://site.api.espn.com/apis/site/v2/sports/basketball/mens-college-basketball/scoreboard
2025-11-04 19:17:13,504 - INFO - Found 11 completed games for 20201125
2025-11-04 19:17:13,507 - INFO - Fetching: https://site.api.espn.com/apis/site/v2/sports/basketball/mens-college-basketball/scoreboard
2025-11-04 19:17:14,643 - INFO - Found 1 completed games for 20201126
2025-11-04 19:17:14,645 - INFO - Fetching: https://site.api.espn.com/apis/site/v2/sports/basketball/mens-college-basketball/scoreboard
2025-11-04 19:17:15,965 - INFO - Found 6 completed games for 20201127
2025-11-04 19:17:15,968 - INFO - Fetching: https://site.api.espn.com/apis/site/v2/sports/basketball/mens-college-basketball/scoreboard
2025-11-04 19:17:17,124 - INFO - Found 2 completed games for 20201128
2025-11-04 19:17:17,125 - INFO - Fetching: https://site.api.espn.com/apis/site/v2/sports/basketball/mens-college-basketball/scoreboard
2025-11-04 19:17:18,233 - INFO - Found 5 completed games for 20201129
2025-11-04 19:17:18,235 - INFO - Fetching: https://site.api.espn.com/apis/site/v2/sports/basketball/mens-college-basketball/scoreboard
2025-11-04 19:17:19,667 - INFO - Found 26 completed games for 20201130
2025-11-04 19:17:19,669 - INFO - Fetching: https://site.api.espn.com/apis/site/v2/sports/basketball/mens-college-basketball/scoreboard
2025-11-04 19:17:20,770 - INFO - Found 3 completed games for 20201201
2025-11-04 19:17:20,773 - INFO - Fetching: https://site.api.espn.com/apis/site/v2/sports/basketball/mens-college-basketball/scoreboard
2025-11-04 19:17:21,885 - INFO - Found 3 completed games for 20201202
2025-11-04 19:17:21,887 - INFO - Fetching: https://site.api.espn.com/apis/site/v2/sports/basketball/mens-college-basketball/scoreboard
2025-11-04 19:17:23,087 - INFO - Found 4 completed games for 20201203
2025-11-04 19:17:23,089 - INFO - Fetching: https://site.api.espn.com/apis/site/v2/sports/basketball/mens-college-basketball/scoreboard
2025-11-04 19:17:24,192 - INFO - Found 6 completed games for 20201204
2025-11-04 19:17:24,194 - INFO - Fetching: https://site.api.espn.com/apis/site/v2/sports/basketball/mens-college-basketball/scoreboard
2025-11-04 19:17:25,281 - INFO - Found 2 completed games for 20201205
2025-11-04 19:17:25,282 - INFO - Fetching: https://site.api.espn.com/apis/site/v2/sports/basketball/mens-college-basketball/scoreboard
2025-11-04 19:17:26,365 - INFO - Found 2 completed games for 20201206
2025-11-04 19:17:26,367 - INFO - Fetching: https://site.api.espn.com/apis/site/v2/sports/basketball/mens-college-basketball/scoreboard
2025-11-04 19:17:27,470 - INFO - Found 1 completed games for 20201207
2025-11-04 19:17:27,471 - INFO - Fetching: https://site.api.espn.com/apis/site/v2/sports/basketball/mens-college-basketball/scoreboard
2025-11-04 19:17:28,622 - INFO - Found 1 completed games for 20201208
2025-11-04 19:17:28,624 - INFO - Fetching: https://site.api.espn.com/apis/site/v2/sports/basketball/mens-college-basketball/scoreboard
2025-11-04 19:17:29,708 - INFO - Found 4 completed games for 20201209
2025-11-04 19:17:29,710 - INFO - Fetching: https://site.api.espn.com/apis/site/v2/sports/basketball/mens-college-basketball/scoreboard
2025-11-04 19:17:31,419 - INFO - Found 1 completed games for 20201210
2025-11-04 19:17:31,420 - INFO - Fetching: https://site.api.espn.com/apis/site/v2/sports/basketball/mens-college-basketball/scoreboard
2025-11-04 19:17:32,590 - INFO - Found 5 completed games for 20201211
2025-11-04 19:17:32,592 - INFO - Fetching: https://site.api.espn.com/apis/site/v2/sports/basketball/mens-college-basketball/scoreboard
2025-11-04 19:17:33,715 - INFO - Found 5 completed games for 20201212
2025-11-04 19:17:33,717 - INFO - Fetching: https://site.api.espn.com/apis/site/v2/sports/basketball/mens-college-basketball/scoreboard
2025-11-04 19:17:36,208 - INFO - Found 5 completed games for 20201213
2025-11-04 19:17:36,210 - INFO - Fetching: https://site.api.espn.com/apis/site/v2/sports/basketball/mens-college-basketball/scoreboard
2025-11-04 19:17:37,301 - INFO - Found 2 completed games for 20201214
2025-11-04 19:17:37,303 - INFO - Fetching: https://site.api.espn.com/apis/site/v2/sports/basketball/mens-college-basketball/scoreboard
2025-11-04 19:17:38,404 - INFO - Found 4 completed games for 20201215
2025-11-04 19:17:38,406 - INFO - Fetching: https://site.api.espn.com/apis/site/v2/sports/basketball/mens-college-basketball/scoreboard
2025-11-04 19:17:39,509 - INFO - Found 3 completed games for 20201216
2025-11-04 19:17:39,511 - INFO - Fetching: https://site.api.espn.com/apis/site/v2/sports/basketball/mens-college-basketball/scoreboard
2025-11-04 19:17:40,647 - INFO - Found 2 completed games for 20201217
2025-11-04 19:17:40,649 - INFO - Fetching: https://site.api.espn.com/apis/site/v2/sports/basketball/mens-college-basketball/scoreboard
2025-11-04 19:17:41,751 - INFO - Found 3 completed games for 20201218
2025-11-04 19:17:41,753 - INFO - Fetching: https://site.api.espn.com/apis/site/v2/sports/basketball/mens-college-basketball/scoreboard
2025-11-04 19:17:42,849 - INFO - Found 4 completed games for 20201219
2025-11-04 19:17:42,851 - INFO - Fetching: https://site.api.espn.com/apis/site/v2/sports/basketball/mens-college-basketball/scoreboard
2025-11-04 19:17:43,954 - INFO - Found 5 completed games for 20201220
2025-11-04 19:17:43,956 - INFO - Fetching: https://site.api.espn.com/apis/site/v2/sports/basketball/mens-college-basketball/scoreboard
2025-11-04 19:17:45,086 - INFO - Found 5 completed games for 20201221
2025-11-04 19:17:45,088 - INFO - Fetching: https://site.api.espn.com/apis/site/v2/sports/basketball/mens-college-basketball/scoreboard
2025-11-04 19:17:46,220 - INFO - Found 9 completed games for 20201222
2025-11-04 19:17:46,222 - INFO - Fetching: https://site.api.espn.com/apis/site/v2/sports/basketball/mens-college-basketball/scoreboard
2025-11-04 19:17:47,336 - INFO - Found 4 completed games for 20201223
2025-11-04 19:17:47,337 - INFO - Fetching: https://site.api.espn.com/apis/site/v2/sports/basketball/mens-college-basketball/scoreboard
2025-11-04 19:17:48,441 - INFO - Found 0 completed games for 20201224
2025-11-04 19:17:48,443 - INFO - Fetching: https://site.api.espn.com/apis/site/v2/sports/basketball/mens-college-basketball/scoreboard
2025-11-04 19:17:49,653 - INFO - Found 3 completed games for 20201225
2025-11-04 19:17:49,655 - INFO - Fetching: https://site.api.espn.com/apis/site/v2/sports/basketball/mens-college-basketball/scoreboard
2025-11-04 19:17:50,745 - INFO - Found 4 completed games for 20201226
2025-11-04 19:17:50,747 - INFO - Fetching: https://site.api.espn.com/apis/site/v2/sports/basketball/mens-college-basketball/scoreboard
2025-11-04 19:17:51,904 - INFO - Found 18 completed games for 20201227
2025-11-04 19:17:51,908 - INFO - Fetching: https://site.api.espn.com/apis/site/v2/sports/basketball/mens-college-basketball/scoreboard
2025-11-04 19:17:53,080 - INFO - Found 3 completed games for 20201228
2025-11-04 19:17:53,082 - INFO - Fetching: https://site.api.espn.com/apis/site/v2/sports/basketball/mens-college-basketball/scoreboard
2025-11-04 19:17:54,284 - INFO - Found 8 completed games for 20201229
2025-11-04 19:17:54,285 - INFO - Fetching: https://site.api.espn.com/apis/site/v2/sports/basketball/mens-college-basketball/scoreboard
2025-11-04 19:17:55,397 - INFO - Found 4 completed games for 20201230
2025-11-04 19:17:55,399 - INFO - Fetching: https://site.api.espn.com/apis/site/v2/sports/basketball/mens-college-basketball/scoreboard
2025-11-04 19:17:56,575 - INFO - Found 3 completed games for 20201231
2025-11-04 19:17:56,578 - INFO - Fetching: https://site.api.espn.com/apis/site/v2/sports/basketball/mens-college-basketball/scoreboard
2025-11-04 19:17:57,708 - INFO - Found 27 completed games for 20210101
2025-11-04 19:17:57,712 - INFO - Fetching: https://site.api.espn.com/apis/site/v2/sports/basketball/mens-college-basketball/scoreboard
2025-11-04 19:17:58,813 - INFO - Found 12 completed games for 20210102
2025-11-04 19:17:58,815 - INFO - Fetching: https://site.api.espn.com/apis/site/v2/sports/basketball/mens-college-basketball/scoreboard
2025-11-04 19:17:59,958 - INFO - Found 3 completed games for 20210103
2025-11-04 19:17:59,959 - INFO - Fetching: https://site.api.espn.com/apis/site/v2/sports/basketball/mens-college-basketball/scoreboard
2025-11-04 19:18:01,121 - INFO - Found 1 completed games for 20210104
2025-11-04 19:18:01,123 - INFO - Fetching: https://site.api.espn.com/apis/site/v2/sports/basketball/mens-college-basketball/scoreboard
2025-11-04 19:18:02,217 - INFO - Found 6 completed games for 20210105
2025-11-04 19:18:02,219 - INFO - Fetching: https://site.api.espn.com/apis/site/v2/sports/basketball/mens-college-basketball/scoreboard
2025-11-04 19:18:03,319 - INFO - Found 7 completed games for 20210106
2025-11-04 19:18:03,321 - INFO - Fetching: https://site.api.espn.com/apis/site/v2/sports/basketball/mens-college-basketball/scoreboard
2025-11-04 19:18:04,428 - INFO - Found 5 completed games for 20210107
2025-11-04 19:18:04,430 - INFO - Fetching: https://site.api.espn.com/apis/site/v2/sports/basketball/mens-college-basketball/scoreboard
2025-11-04 19:18:06,940 - INFO - Found 1 completed games for 20210108
2025-11-04 19:18:06,941 - INFO - Fetching: https://site.api.espn.com/apis/site/v2/sports/basketball/mens-college-basketball/scoreboard
2025-11-04 19:18:08,056 - INFO - Found 12 completed games for 20210109
2025-11-04 19:18:08,058 - INFO - Fetching: https://site.api.espn.com/apis/site/v2/sports/basketball/mens-college-basketball/scoreboard
2025-11-04 19:18:09,420 - INFO - Found 3 completed games for 20210110
2025-11-04 19:18:09,421 - INFO - Fetching: https://site.api.espn.com/apis/site/v2/sports/basketball/mens-college-basketball/scoreboard
2025-11-04 19:18:10,574 - INFO - Found 1 completed games for 20210111
2025-11-04 19:18:10,575 - INFO - Fetching: https://site.api.espn.com/apis/site/v2/sports/basketball/mens-college-basketball/scoreboard
2025-11-04 19:18:11,756 - INFO - Found 3 completed games for 20210112
2025-11-04 19:18:11,758 - INFO - Fetching: https://site.api.espn.com/apis/site/v2/sports/basketball/mens-college-basketball/scoreboard
2025-11-04 19:18:12,883 - INFO - Found 4 completed games for 20210113
2025-11-04 19:18:12,885 - INFO - Fetching: https://site.api.espn.com/apis/site/v2/sports/basketball/mens-college-basketball/scoreboard
2025-11-04 19:18:14,004 - INFO - Found 1 completed games for 20210114
2025-11-04 19:18:14,005 - INFO - Fetching: https://site.api.espn.com/apis/site/v2/sports/basketball/mens-college-basketball/scoreboard
2025-11-04 19:18:15,153 - INFO - Found 1 completed games for 20210115
2025-11-04 19:18:15,155 - INFO - Fetching: https://site.api.espn.com/apis/site/v2/sports/basketball/mens-college-basketball/scoreboard
2025-11-04 19:18:16,304 - INFO - Found 10 completed games for 20210116
2025-11-04 19:18:16,307 - INFO - Fetching: https://site.api.espn.com/apis/site/v2/sports/basketball/mens-college-basketball/scoreboard
2025-11-04 19:18:17,650 - INFO - Found 3 completed games for 20210117
2025-11-04 19:18:17,652 - INFO - Fetching: https://site.api.espn.com/apis/site/v2/sports/basketball/mens-college-basketball/scoreboard
2025-11-04 19:18:18,787 - INFO - Found 2 completed games for 20210118
2025-11-04 19:18:18,788 - INFO - Fetching: https://site.api.espn.com/apis/site/v2/sports/basketball/mens-college-basketball/scoreboard
2025-11-04 19:18:19,939 - INFO - Found 7 completed games for 20210119
2025-11-04 19:18:19,941 - INFO - Fetching: https://site.api.espn.com/apis/site/v2/sports/basketball/mens-college-basketball/scoreboard
2025-11-04 19:18:21,083 - INFO - Found 4 completed games for 20210120
2025-11-04 19:18:21,085 - INFO - Fetching: https://site.api.espn.com/apis/site/v2/sports/basketball/mens-college-basketball/scoreboard
2025-11-04 19:18:22,199 - INFO - Found 2 completed games for 20210121
2025-11-04 19:18:22,200 - INFO - Fetching: https://site.api.espn.com/apis/site/v2/sports/basketball/mens-college-basketball/scoreboard
2025-11-04 19:18:23,314 - INFO - Found 1 completed games for 20210122
2025-11-04 19:18:23,315 - INFO - Fetching: https://site.api.espn.com/apis/site/v2/sports/basketball/mens-college-basketball/scoreboard
2025-11-04 19:18:24,488 - INFO - Found 16 completed games for 20210123
2025-11-04 19:18:24,491 - INFO - Fetching: https://site.api.espn.com/apis/site/v2/sports/basketball/mens-college-basketball/scoreboard
2025-11-04 19:18:25,647 - INFO - Found 0 completed games for 20210124
2025-11-04 19:18:25,649 - INFO - Fetching: https://site.api.espn.com/apis/site/v2/sports/basketball/mens-college-basketball/scoreboard
2025-11-04 19:18:26,768 - INFO - Found 2 completed games for 20210125
2025-11-04 19:18:26,770 - INFO - Fetching: https://site.api.espn.com/apis/site/v2/sports/basketball/mens-college-basketball/scoreboard
2025-11-04 19:18:27,921 - INFO - Found 5 completed games for 20210126
2025-11-04 19:18:27,923 - INFO - Fetching: https://site.api.espn.com/apis/site/v2/sports/basketball/mens-college-basketball/scoreboard
2025-11-04 19:18:29,041 - INFO - Found 7 completed games for 20210127
2025-11-04 19:18:29,043 - INFO - Fetching: https://site.api.espn.com/apis/site/v2/sports/basketball/mens-college-basketball/scoreboard
2025-11-04 19:18:30,194 - INFO - Found 3 completed games for 20210128
2025-11-04 19:18:30,196 - INFO - Fetching: https://site.api.espn.com/apis/site/v2/sports/basketball/mens-college-basketball/scoreboard
2025-11-04 19:18:31,336 - INFO - Found 1 completed games for 20210129
2025-11-04 19:18:31,338 - INFO - Fetching: https://site.api.espn.com/apis/site/v2/sports/basketball/mens-college-basketball/scoreboard
2025-11-04 19:18:32,478 - INFO - Found 8 completed games for 20210130
2025-11-04 19:18:32,480 - INFO - Fetching: https://site.api.espn.com/apis/site/v2/sports/basketball/mens-college-basketball/scoreboard
2025-11-04 19:18:33,616 - INFO - Found 2 completed games for 20210131
2025-11-04 19:18:33,617 - INFO - Fetching: https://site.api.espn.com/apis/site/v2/sports/basketball/mens-college-basketball/scoreboard
2025-11-04 19:18:34,822 - INFO - Found 2 completed games for 20210201
2025-11-04 19:18:34,824 - INFO - Fetching: https://site.api.espn.com/apis/site/v2/sports/basketball/mens-college-basketball/scoreboard
2025-11-04 19:18:36,021 - INFO - Found 7 completed games for 20210202
2025-11-04 19:18:36,023 - INFO - Fetching: https://site.api.espn.com/apis/site/v2/sports/basketball/mens-college-basketball/scoreboard
2025-11-04 19:18:38,471 - INFO - Found 8 completed games for 20210203
2025-11-04 19:18:38,473 - INFO - Fetching: https://site.api.espn.com/apis/site/v2/sports/basketball/mens-college-basketball/scoreboard
2025-11-04 19:18:39,571 - INFO - Found 2 completed games for 20210204
2025-11-04 19:18:39,573 - INFO - Fetching: https://site.api.espn.com/apis/site/v2/sports/basketball/mens-college-basketball/scoreboard
2025-11-04 19:18:40,778 - INFO - Found 41 completed games for 20210205
2025-11-04 19:18:40,782 - INFO - Fetching: https://site.api.espn.com/apis/site/v2/sports/basketball/mens-college-basketball/scoreboard
2025-11-04 19:18:41,982 - INFO - Found 12 completed games for 20210206
2025-11-04 19:18:41,985 - INFO - Fetching: https://site.api.espn.com/apis/site/v2/sports/basketball/mens-college-basketball/scoreboard
2025-11-04 19:18:43,285 - INFO - Found 3 completed games for 20210207
2025-11-04 19:18:43,287 - INFO - Fetching: https://site.api.espn.com/apis/site/v2/sports/basketball/mens-college-basketball/scoreboard
2025-11-04 19:18:44,411 - INFO - Found 3 completed games for 20210208
2025-11-04 19:18:44,414 - INFO - Fetching: https://site.api.espn.com/apis/site/v2/sports/basketball/mens-college-basketball/scoreboard
2025-11-04 19:18:45,615 - INFO - Found 4 completed games for 20210209
2025-11-04 19:18:45,617 - INFO - Fetching: https://site.api.espn.com/apis/site/v2/sports/basketball/mens-college-basketball/scoreboard
2025-11-04 19:18:46,718 - INFO - Found 7 completed games for 20210210
2025-11-04 19:18:46,719 - INFO - Fetching: https://site.api.espn.com/apis/site/v2/sports/basketball/mens-college-basketball/scoreboard
2025-11-04 19:18:47,888 - INFO - Found 2 completed games for 20210211
2025-11-04 19:18:47,889 - INFO - Fetching: https://site.api.espn.com/apis/site/v2/sports/basketball/mens-college-basketball/scoreboard
2025-11-04 19:18:48,997 - INFO - Found 1 completed games for 20210212
2025-11-04 19:18:48,998 - INFO - Fetching: https://site.api.espn.com/apis/site/v2/sports/basketball/mens-college-basketball/scoreboard
2025-11-04 19:18:50,245 - INFO - Found 14 completed games for 20210213
2025-11-04 19:18:50,247 - INFO - Fetching: https://site.api.espn.com/apis/site/v2/sports/basketball/mens-college-basketball/scoreboard
2025-11-04 19:18:51,622 - INFO - Found 2 completed games for 20210214
2025-11-04 19:18:51,624 - INFO - Fetching: https://site.api.espn.com/apis/site/v2/sports/basketball/mens-college-basketball/scoreboard
2025-11-04 19:18:52,761 - INFO - Found 1 completed games for 20210215
2025-11-04 19:18:52,763 - INFO - Fetching: https://site.api.espn.com/apis/site/v2/sports/basketball/mens-college-basketball/scoreboard
2025-11-04 19:18:53,920 - INFO - Found 3 completed games for 20210216
2025-11-04 19:18:53,922 - INFO - Fetching: https://site.api.espn.com/apis/site/v2/sports/basketball/mens-college-basketball/scoreboard
2025-11-04 19:18:55,138 - INFO - Found 3 completed games for 20210217
2025-11-04 19:18:55,140 - INFO - Fetching: https://site.api.espn.com/apis/site/v2/sports/basketball/mens-college-basketball/scoreboard
2025-11-04 19:18:56,266 - INFO - Found 6 completed games for 20210218
2025-11-04 19:18:56,269 - INFO - Fetching: https://site.api.espn.com/apis/site/v2/sports/basketball/mens-college-basketball/scoreboard
2025-11-04 19:18:57,434 - INFO - Found 37 completed games for 20210219
2025-11-04 19:18:57,438 - INFO - Fetching: https://site.api.espn.com/apis/site/v2/sports/basketball/mens-college-basketball/scoreboard
2025-11-04 19:18:58,869 - INFO - Found 13 completed games for 20210220
2025-11-04 19:18:58,872 - INFO - Fetching: https://site.api.espn.com/apis/site/v2/sports/basketball/mens-college-basketball/scoreboard
2025-11-04 19:18:59,981 - INFO - Found 4 completed games for 20210221
2025-11-04 19:18:59,982 - INFO - Fetching: https://site.api.espn.com/apis/site/v2/sports/basketball/mens-college-basketball/scoreboard
2025-11-04 19:19:01,133 - INFO - Found 2 completed games for 20210222
2025-11-04 19:19:01,135 - INFO - Fetching: https://site.api.espn.com/apis/site/v2/sports/basketball/mens-college-basketball/scoreboard
2025-11-04 19:19:02,300 - INFO - Found 8 completed games for 20210223
2025-11-04 19:19:02,301 - INFO - Fetching: https://site.api.espn.com/apis/site/v2/sports/basketball/mens-college-basketball/scoreboard
2025-11-04 19:19:03,464 - INFO - Found 5 completed games for 20210224
2025-11-04 19:19:03,465 - INFO - Fetching: https://site.api.espn.com/apis/site/v2/sports/basketball/mens-college-basketball/scoreboard
2025-11-04 19:19:04,676 - INFO - Found 7 completed games for 20210225
2025-11-04 19:19:04,678 - INFO - Fetching: https://site.api.espn.com/apis/site/v2/sports/basketball/mens-college-basketball/scoreboard
2025-11-04 19:19:05,915 - INFO - Found 1 completed games for 20210226
2025-11-04 19:19:05,917 - INFO - Fetching: https://site.api.espn.com/apis/site/v2/sports/basketball/mens-college-basketball/scoreboard
2025-11-04 19:19:07,040 - INFO - Found 16 completed games for 20210227
2025-11-04 19:19:07,042 - INFO - Fetching: https://site.api.espn.com/apis/site/v2/sports/basketball/mens-college-basketball/scoreboard
2025-11-04 19:19:08,799 - INFO - Found 3 completed games for 20210228
2025-11-04 19:19:08,801 - INFO - Fetching: https://site.api.espn.com/apis/site/v2/sports/basketball/mens-college-basketball/scoreboard
2025-11-04 19:19:10,623 - INFO - Found 2 completed games for 20210301
2025-11-04 19:19:10,624 - INFO - Fetching: https://site.api.espn.com/apis/site/v2/sports/basketball/mens-college-basketball/scoreboard
2025-11-04 19:19:11,728 - INFO - Found 7 completed games for 20210302
2025-11-04 19:19:11,730 - INFO - Fetching: https://site.api.espn.com/apis/site/v2/sports/basketball/mens-college-basketball/scoreboard
2025-11-04 19:19:13,160 - INFO - Found 3 completed games for 20210303
2025-11-04 19:19:13,162 - INFO - Fetching: https://site.api.espn.com/apis/site/v2/sports/basketball/mens-college-basketball/scoreboard
2025-11-04 19:19:14,290 - INFO - Found 8 completed games for 20210304
2025-11-04 19:19:14,292 - INFO - Fetching: https://site.api.espn.com/apis/site/v2/sports/basketball/mens-college-basketball/scoreboard
2025-11-04 19:19:15,592 - INFO - Found 49 completed games for 20210305
2025-11-04 19:19:15,597 - INFO - Fetching: https://site.api.espn.com/apis/site/v2/sports/basketball/mens-college-basketball/scoreboard
2025-11-04 19:19:16,748 - INFO - Found 8 completed games for 20210306
2025-11-04 19:19:16,750 - INFO - Fetching: https://site.api.espn.com/apis/site/v2/sports/basketball/mens-college-basketball/scoreboard
2025-11-04 19:19:17,897 - INFO - Found 4 completed games for 20210307
2025-11-04 19:19:17,899 - INFO - Fetching: https://site.api.espn.com/apis/site/v2/sports/basketball/mens-college-basketball/scoreboard
2025-11-04 19:19:19,065 - INFO - Found 11 completed games for 20210308
2025-11-04 19:19:19,067 - INFO - Fetching: https://site.api.espn.com/apis/site/v2/sports/basketball/mens-college-basketball/scoreboard
2025-11-04 19:19:20,214 - INFO - Found 15 completed games for 20210309
2025-11-04 19:19:20,216 - INFO - Fetching: https://site.api.espn.com/apis/site/v2/sports/basketball/mens-college-basketball/scoreboard
2025-11-04 19:19:21,364 - INFO - Found 33 completed games for 20210310
2025-11-04 19:19:21,366 - INFO - Fetching: https://site.api.espn.com/apis/site/v2/sports/basketball/mens-college-basketball/scoreboard
2025-11-04 19:19:22,675 - INFO - Found 56 completed games for 20210311
2025-11-04 19:19:22,681 - INFO - Fetching: https://site.api.espn.com/apis/site/v2/sports/basketball/mens-college-basketball/scoreboard
2025-11-04 19:19:23,892 - INFO - Found 37 completed games for 20210312
2025-11-04 19:19:23,895 - INFO - Fetching: https://site.api.espn.com/apis/site/v2/sports/basketball/mens-college-basketball/scoreboard
2025-11-04 19:19:25,061 - INFO - Found 21 completed games for 20210313
2025-11-04 19:19:25,063 - INFO - Fetching: https://site.api.espn.com/apis/site/v2/sports/basketball/mens-college-basketball/scoreboard
2025-11-04 19:19:26,180 - INFO - Found 5 completed games for 20210314
2025-11-04 19:19:26,182 - INFO - Fetching: https://site.api.espn.com/apis/site/v2/sports/basketball/mens-college-basketball/scoreboard
2025-11-04 19:19:27,296 - INFO - Found 0 completed games for 20210315
2025-11-04 19:19:27,298 - INFO - Fetching: https://site.api.espn.com/apis/site/v2/sports/basketball/mens-college-basketball/scoreboard
2025-11-04 19:19:28,432 - INFO - Found 0 completed games for 20210316
2025-11-04 19:19:28,433 - INFO - Fetching: https://site.api.espn.com/apis/site/v2/sports/basketball/mens-college-basketball/scoreboard
2025-11-04 19:19:29,548 - INFO - Found 0 completed games for 20210317
2025-11-04 19:19:29,549 - INFO - Fetching: https://site.api.espn.com/apis/site/v2/sports/basketball/mens-college-basketball/scoreboard
2025-11-04 19:19:30,694 - INFO - Found 4 completed games for 20210318
2025-11-04 19:19:30,696 - INFO - Fetching: https://site.api.espn.com/apis/site/v2/sports/basketball/mens-college-basketball/scoreboard
2025-11-04 19:19:31,812 - INFO - Found 16 completed games for 20210319
2025-11-04 19:19:31,814 - INFO - Fetching: https://site.api.espn.com/apis/site/v2/sports/basketball/mens-college-basketball/scoreboard
2025-11-04 19:19:33,726 - INFO - Found 15 completed games for 20210320
2025-11-04 19:19:33,728 - INFO - Fetching: https://site.api.espn.com/apis/site/v2/sports/basketball/mens-college-basketball/scoreboard
2025-11-04 19:19:34,868 - INFO - Found 8 completed games for 20210321
2025-11-04 19:19:34,870 - INFO - Fetching: https://site.api.espn.com/apis/site/v2/sports/basketball/mens-college-basketball/scoreboard
2025-11-04 19:19:36,005 - INFO - Found 8 completed games for 20210322
2025-11-04 19:19:36,007 - INFO - Fetching: https://site.api.espn.com/apis/site/v2/sports/basketball/mens-college-basketball/scoreboard
2025-11-04 19:19:37,119 - INFO - Found 0 completed games for 20210323
2025-11-04 19:19:37,120 - INFO - Fetching: https://site.api.espn.com/apis/site/v2/sports/basketball/mens-college-basketball/scoreboard
2025-11-04 19:19:38,229 - INFO - Found 0 completed games for 20210324
2025-11-04 19:19:38,231 - INFO - Fetching: https://site.api.espn.com/apis/site/v2/sports/basketball/mens-college-basketball/scoreboard
2025-11-04 19:19:40,191 - INFO - Found 0 completed games for 20210325
2025-11-04 19:19:40,192 - INFO - Fetching: https://site.api.espn.com/apis/site/v2/sports/basketball/mens-college-basketball/scoreboard
2025-11-04 19:19:42,027 - INFO - Found 0 completed games for 20210326
2025-11-04 19:19:42,028 - INFO - Fetching: https://site.api.espn.com/apis/site/v2/sports/basketball/mens-college-basketball/scoreboard
2025-11-04 19:19:43,154 - INFO - Found 4 completed games for 20210327
2025-11-04 19:19:43,155 - INFO - Fetching: https://site.api.espn.com/apis/site/v2/sports/basketball/mens-college-basketball/scoreboard
2025-11-04 19:19:44,269 - INFO - Found 4 completed games for 20210328
2025-11-04 19:19:44,271 - INFO - Fetching: https://site.api.espn.com/apis/site/v2/sports/basketball/mens-college-basketball/scoreboard
2025-11-04 19:19:45,390 - INFO - Found 2 completed games for 20210329
2025-11-04 19:19:45,392 - INFO - Fetching: https://site.api.espn.com/apis/site/v2/sports/basketball/mens-college-basketball/scoreboard
2025-11-04 19:19:46,540 - INFO - Found 2 completed games for 20210330
2025-11-04 19:19:46,541 - INFO - Fetching: https://site.api.espn.com/apis/site/v2/sports/basketball/mens-college-basketball/scoreboard
2025-11-04 19:19:47,642 - INFO - Found 0 completed games for 20210331
2025-11-04 19:19:47,643 - INFO - Fetching: https://site.api.espn.com/apis/site/v2/sports/basketball/mens-college-basketball/scoreboard
2025-11-04 19:19:48,746 - INFO - Found 0 completed games for 20210401
2025-11-04 19:19:48,747 - INFO - Fetching: https://site.api.espn.com/apis/site/v2/sports/basketball/mens-college-basketball/scoreboard
2025-11-04 19:19:49,838 - INFO - Found 0 completed games for 20210402
2025-11-04 19:19:49,839 - INFO - Fetching: https://site.api.espn.com/apis/site/v2/sports/basketball/mens-college-basketball/scoreboard
2025-11-04 19:19:50,977 - INFO - Found 2 completed games for 20210403
2025-11-04 19:19:50,978 - INFO - Fetching: https://site.api.espn.com/apis/site/v2/sports/basketball/mens-college-basketball/scoreboard
2025-11-04 19:19:52,124 - INFO - Found 0 completed games for 20210404
2025-11-04 19:19:52,125 - INFO - Fetching: https://site.api.espn.com/apis/site/v2/sports/basketball/mens-college-basketball/scoreboard
2025-11-04 19:19:53,496 - INFO - Found 1 completed games for 20210405
2025-11-04 19:19:53,497 - INFO - Fetching: https://site.api.espn.com/apis/site/v2/sports/basketball/mens-college-basketball/scoreboard
2025-11-04 19:19:54,615 - INFO - Found 0 completed games for 20210406
2025-11-04 19:19:54,616 - INFO - Fetching: https://site.api.espn.com/apis/site/v2/sports/basketball/mens-college-basketball/scoreboard
2025-11-04 19:19:55,781 - INFO - Found 0 completed games for 20210407
2025-11-04 19:19:55,782 - INFO - Fetching: https://site.api.espn.com/apis/site/v2/sports/basketball/mens-college-basketball/scoreboard
2025-11-04 19:19:56,879 - INFO - Found 0 completed games for 20210408
2025-11-04 19:19:56,881 - INFO - Fetching: https://site.api.espn.com/apis/site/v2/sports/basketball/mens-college-basketball/scoreboard
2025-11-04 19:19:58,011 - INFO - Found 0 completed games for 20210409
2025-11-04 19:19:58,013 - INFO - Fetching: https://site.api.espn.com/apis/site/v2/sports/basketball/mens-college-basketball/scoreboard
2025-11-04 19:19:59,123 - INFO - Found 0 completed games for 20210410
2025-11-04 19:19:59,124 - INFO - Fetching: https://site.api.espn.com/apis/site/v2/sports/basketball/mens-college-basketball/scoreboard
2025-11-04 19:20:00,220 - INFO - Found 0 completed games for 20210411
2025-11-04 19:20:00,221 - INFO - Fetching: https://site.api.espn.com/apis/site/v2/sports/basketball/mens-college-basketball/scoreboard
2025-11-04 19:20:01,356 - INFO - Found 0 completed games for 20210412
2025-11-04 19:20:01,357 - INFO - Fetching: https://site.api.espn.com/apis/site/v2/sports/basketball/mens-college-basketball/scoreboard
2025-11-04 19:20:02,461 - INFO - Found 0 completed games for 20210413
2025-11-04 19:20:02,463 - INFO - Fetching: https://site.api.espn.com/apis/site/v2/sports/basketball/mens-college-basketball/scoreboard
2025-11-04 19:20:03,575 - INFO - Found 0 completed games for 20210414
2025-11-04 19:20:03,576 - INFO - Fetching: https://site.api.espn.com/apis/site/v2/sports/basketball/mens-college-basketball/scoreboard
2025-11-04 19:20:04,768 - INFO - Found 0 completed games for 20210415
2025-11-04 19:20:04,769 - INFO - Fetching: https://site.api.espn.com/apis/site/v2/sports/basketball/mens-college-basketball/scoreboard
2025-11-04 19:20:05,877 - INFO - Found 0 completed games for 20210416
2025-11-04 19:20:05,878 - INFO - Fetching: https://site.api.espn.com/apis/site/v2/sports/basketball/mens-college-basketball/scoreboard
2025-11-04 19:20:07,035 - INFO - Found 0 completed games for 20210417
2025-11-04 19:20:07,037 - INFO - Fetching: https://site.api.espn.com/apis/site/v2/sports/basketball/mens-college-basketball/scoreboard
2025-11-04 19:20:08,161 - INFO - Found 0 completed games for 20210418
2025-11-04 19:20:08,163 - INFO - Fetching: https://site.api.espn.com/apis/site/v2/sports/basketball/mens-college-basketball/scoreboard
2025-11-04 19:20:09,302 - INFO - Found 0 completed games for 20210419
2025-11-04 19:20:09,303 - INFO - Fetching: https://site.api.espn.com/apis/site/v2/sports/basketball/mens-college-basketball/scoreboard
2025-11-04 19:20:10,531 - INFO - Found 0 completed games for 20210420
2025-11-04 19:20:10,532 - INFO - Fetching: https://site.api.espn.com/apis/site/v2/sports/basketball/mens-college-basketball/scoreboard
2025-11-04 19:20:13,101 - INFO - Found 0 completed games for 20210421
2025-11-04 19:20:13,102 - INFO - Fetching: https://site.api.espn.com/apis/site/v2/sports/basketball/mens-college-basketball/scoreboard
2025-11-04 19:20:14,336 - INFO - Found 0 completed games for 20210422
2025-11-04 19:20:14,337 - INFO - Fetching: https://site.api.espn.com/apis/site/v2/sports/basketball/mens-college-basketball/scoreboard
2025-11-04 19:20:15,594 - INFO - Found 0 completed games for 20210423
2025-11-04 19:20:15,595 - INFO - Fetching: https://site.api.espn.com/apis/site/v2/sports/basketball/mens-college-basketball/scoreboard
2025-11-04 19:20:16,732 - INFO - Found 0 completed games for 20210424
2025-11-04 19:20:16,733 - INFO - Fetching: https://site.api.espn.com/apis/site/v2/sports/basketball/mens-college-basketball/scoreboard
2025-11-04 19:20:17,837 - INFO - Found 0 completed games for 20210425
2025-11-04 19:20:17,839 - INFO - Fetching: https://site.api.espn.com/apis/site/v2/sports/basketball/mens-college-basketball/scoreboard
2025-11-04 19:20:18,955 - INFO - Found 0 completed games for 20210426
2025-11-04 19:20:18,956 - INFO - Fetching: https://site.api.espn.com/apis/site/v2/sports/basketball/mens-college-basketball/scoreboard
2025-11-04 19:20:20,071 - INFO - Found 0 completed games for 20210427
2025-11-04 19:20:20,073 - INFO - Fetching: https://site.api.espn.com/apis/site/v2/sports/basketball/mens-college-basketball/scoreboard
2025-11-04 19:20:21,217 - INFO - Found 0 completed games for 20210428
2025-11-04 19:20:21,218 - INFO - Fetching: https://site.api.espn.com/apis/site/v2/sports/basketball/mens-college-basketball/scoreboard
2025-11-04 19:20:22,327 - INFO - Found 0 completed games for 20210429
2025-11-04 19:20:22,328 - INFO - Fetching: https://site.api.espn.com/apis/site/v2/sports/basketball/mens-college-basketball/scoreboard
2025-11-04 19:20:23,445 - INFO - Found 0 completed games for 20210430
2025-11-04 19:20:23,601 - INFO - Saved 879 games to database
2025-11-04 19:20:24,244 - INFO - Calculated stats for 331 teams
2025-11-04 19:20:24,319 - INFO - Saved 331 team stats to database
2025-11-04 19:20:24,319 - INFO - Completed scrape for 2021 season
2025-11-04 19:20:26,320 - INFO - Starting full scrape for 2022 season
2025-11-04 19:20:26,320 - INFO - Scraping 2022 season from 2021-11-01 to 2022-04-30
2025-11-04 19:20:26,320 - INFO - Fetching: https://site.api.espn.com/apis/site/v2/sports/basketball/mens-college-basketball/scoreboard
2025-11-04 19:20:27,417 - INFO - Found 0 completed games for 20211101
2025-11-04 19:20:27,419 - INFO - Fetching: https://site.api.espn.com/apis/site/v2/sports/basketball/mens-college-basketball/scoreboard
2025-11-04 19:20:28,553 - INFO - Found 0 completed games for 20211102
2025-11-04 19:20:28,555 - INFO - Fetching: https://site.api.espn.com/apis/site/v2/sports/basketball/mens-college-basketball/scoreboard
2025-11-04 19:20:29,680 - INFO - Found 0 completed games for 20211103
2025-11-04 19:20:29,682 - INFO - Fetching: https://site.api.espn.com/apis/site/v2/sports/basketball/mens-college-basketball/scoreboard
2025-11-04 19:20:30,781 - INFO - Found 0 completed games for 20211104
2025-11-04 19:20:30,783 - INFO - Fetching: https://site.api.espn.com/apis/site/v2/sports/basketball/mens-college-basketball/scoreboard
2025-11-04 19:20:31,900 - INFO - Found 0 completed games for 20211105
2025-11-04 19:20:31,901 - INFO - Fetching: https://site.api.espn.com/apis/site/v2/sports/basketball/mens-college-basketball/scoreboard
2025-11-04 19:20:33,010 - INFO - Found 0 completed games for 20211106
2025-11-04 19:20:33,011 - INFO - Fetching: https://site.api.espn.com/apis/site/v2/sports/basketball/mens-college-basketball/scoreboard
2025-11-04 19:20:34,209 - INFO - Found 0 completed games for 20211107
2025-11-04 19:20:34,211 - INFO - Fetching: https://site.api.espn.com/apis/site/v2/sports/basketball/mens-college-basketball/scoreboard
2025-11-04 19:20:35,332 - INFO - Found 0 completed games for 20211108
2025-11-04 19:20:35,333 - INFO - Fetching: https://site.api.espn.com/apis/site/v2/sports/basketball/mens-college-basketball/scoreboard
2025-11-04 19:20:36,465 - INFO - Found 19 completed games for 20211109
2025-11-04 19:20:36,467 - INFO - Fetching: https://site.api.espn.com/apis/site/v2/sports/basketball/mens-college-basketball/scoreboard
2025-11-04 19:20:37,587 - INFO - Found 2 completed games for 20211110
2025-11-04 19:20:37,589 - INFO - Fetching: https://site.api.espn.com/apis/site/v2/sports/basketball/mens-college-basketball/scoreboard
2025-11-04 19:20:38,717 - INFO - Found 1 completed games for 20211111
2025-11-04 19:20:38,719 - INFO - Fetching: https://site.api.espn.com/apis/site/v2/sports/basketball/mens-college-basketball/scoreboard
2025-11-04 19:20:39,869 - INFO - Found 12 completed games for 20211112
2025-11-04 19:20:39,871 - INFO - Fetching: https://site.api.espn.com/apis/site/v2/sports/basketball/mens-college-basketball/scoreboard
2025-11-04 19:20:40,980 - INFO - Found 4 completed games for 20211113
2025-11-04 19:20:40,982 - INFO - Fetching: https://site.api.espn.com/apis/site/v2/sports/basketball/mens-college-basketball/scoreboard
2025-11-04 19:20:42,095 - INFO - Found 3 completed games for 20211114
2025-11-04 19:20:42,097 - INFO - Fetching: https://site.api.espn.com/apis/site/v2/sports/basketball/mens-college-basketball/scoreboard
2025-11-04 19:20:44,526 - INFO - Found 4 completed games for 20211115
2025-11-04 19:20:44,528 - INFO - Fetching: https://site.api.espn.com/apis/site/v2/sports/basketball/mens-college-basketball/scoreboard
2025-11-04 19:20:45,993 - INFO - Found 7 completed games for 20211116
2025-11-04 19:20:45,996 - INFO - Fetching: https://site.api.espn.com/apis/site/v2/sports/basketball/mens-college-basketball/scoreboard
2025-11-04 19:20:47,369 - INFO - Found 5 completed games for 20211117
2025-11-04 19:20:47,371 - INFO - Fetching: https://site.api.espn.com/apis/site/v2/sports/basketball/mens-college-basketball/scoreboard
2025-11-04 19:20:48,487 - INFO - Found 2 completed games for 20211118
2025-11-04 19:20:48,488 - INFO - Fetching: https://site.api.espn.com/apis/site/v2/sports/basketball/mens-college-basketball/scoreboard
2025-11-04 19:20:49,600 - INFO - Found 5 completed games for 20211119
2025-11-04 19:20:49,602 - INFO - Fetching: https://site.api.espn.com/apis/site/v2/sports/basketball/mens-college-basketball/scoreboard
2025-11-04 19:20:50,792 - INFO - Found 2 completed games for 20211120
2025-11-04 19:20:50,794 - INFO - Fetching: https://site.api.espn.com/apis/site/v2/sports/basketball/mens-college-basketball/scoreboard
2025-11-04 19:20:52,311 - INFO - Found 50 completed games for 20211121
2025-11-04 19:20:52,316 - INFO - Fetching: https://site.api.espn.com/apis/site/v2/sports/basketball/mens-college-basketball/scoreboard
2025-11-04 19:20:53,447 - INFO - Found 3 completed games for 20211122
2025-11-04 19:20:53,448 - INFO - Fetching: https://site.api.espn.com/apis/site/v2/sports/basketball/mens-college-basketball/scoreboard
2025-11-04 19:20:54,677 - INFO - Found 63 completed games for 20211123
2025-11-04 19:20:54,681 - INFO - Fetching: https://site.api.espn.com/apis/site/v2/sports/basketball/mens-college-basketball/scoreboard
2025-11-04 19:20:55,793 - INFO - Found 2 completed games for 20211124
2025-11-04 19:20:55,795 - INFO - Fetching: https://site.api.espn.com/apis/site/v2/sports/basketball/mens-college-basketball/scoreboard
2025-11-04 19:20:56,930 - INFO - Found 19 completed games for 20211125
2025-11-04 19:20:56,933 - INFO - Fetching: https://site.api.espn.com/apis/site/v2/sports/basketball/mens-college-basketball/scoreboard
2025-11-04 19:20:58,044 - INFO - Found 4 completed games for 20211126
2025-11-04 19:20:58,046 - INFO - Fetching: https://site.api.espn.com/apis/site/v2/sports/basketball/mens-college-basketball/scoreboard
2025-11-04 19:20:59,167 - INFO - Found 4 completed games for 20211127
2025-11-04 19:20:59,169 - INFO - Fetching: https://site.api.espn.com/apis/site/v2/sports/basketball/mens-college-basketball/scoreboard
2025-11-04 19:21:00,288 - INFO - Found 4 completed games for 20211128
2025-11-04 19:21:00,290 - INFO - Fetching: https://site.api.espn.com/apis/site/v2/sports/basketball/mens-college-basketball/scoreboard
2025-11-04 19:21:01,623 - INFO - Found 2 completed games for 20211129
2025-11-04 19:21:01,624 - INFO - Fetching: https://site.api.espn.com/apis/site/v2/sports/basketball/mens-college-basketball/scoreboard
2025-11-04 19:21:02,736 - INFO - Found 3 completed games for 20211130
2025-11-04 19:21:02,738 - INFO - Fetching: https://site.api.espn.com/apis/site/v2/sports/basketball/mens-college-basketball/scoreboard
2025-11-04 19:21:03,839 - INFO - Found 9 completed games for 20211201
2025-11-04 19:21:03,842 - INFO - Fetching: https://site.api.espn.com/apis/site/v2/sports/basketball/mens-college-basketball/scoreboard
2025-11-04 19:21:04,941 - INFO - Found 0 completed games for 20211202
2025-11-04 19:21:04,943 - INFO - Fetching: https://site.api.espn.com/apis/site/v2/sports/basketball/mens-college-basketball/scoreboard
2025-11-04 19:21:06,063 - INFO - Found 3 completed games for 20211203
2025-11-04 19:21:06,065 - INFO - Fetching: https://site.api.espn.com/apis/site/v2/sports/basketball/mens-college-basketball/scoreboard
2025-11-04 19:21:07,164 - INFO - Found 13 completed games for 20211204
2025-11-04 19:21:07,166 - INFO - Fetching: https://site.api.espn.com/apis/site/v2/sports/basketball/mens-college-basketball/scoreboard
2025-11-04 19:21:08,281 - INFO - Found 1 completed games for 20211205
2025-11-04 19:21:08,282 - INFO - Fetching: https://site.api.espn.com/apis/site/v2/sports/basketball/mens-college-basketball/scoreboard
2025-11-04 19:21:09,410 - INFO - Found 2 completed games for 20211206
2025-11-04 19:21:09,412 - INFO - Fetching: https://site.api.espn.com/apis/site/v2/sports/basketball/mens-college-basketball/scoreboard
2025-11-04 19:21:10,509 - INFO - Found 4 completed games for 20211207
2025-11-04 19:21:10,511 - INFO - Fetching: https://site.api.espn.com/apis/site/v2/sports/basketball/mens-college-basketball/scoreboard
2025-11-04 19:21:11,647 - INFO - Found 6 completed games for 20211208
2025-11-04 19:21:11,650 - INFO - Fetching: https://site.api.espn.com/apis/site/v2/sports/basketball/mens-college-basketball/scoreboard
2025-11-04 19:21:12,764 - INFO - Found 3 completed games for 20211209
2025-11-04 19:21:12,765 - INFO - Fetching: https://site.api.espn.com/apis/site/v2/sports/basketball/mens-college-basketball/scoreboard
2025-11-04 19:21:15,227 - INFO - Found 15 completed games for 20211210
2025-11-04 19:21:15,229 - INFO - Fetching: https://site.api.espn.com/apis/site/v2/sports/basketball/mens-college-basketball/scoreboard
2025-11-04 19:21:16,395 - INFO - Found 10 completed games for 20211211
2025-11-04 19:21:16,398 - INFO - Fetching: https://site.api.espn.com/apis/site/v2/sports/basketball/mens-college-basketball/scoreboard
2025-11-04 19:21:17,512 - INFO - Found 2 completed games for 20211212
2025-11-04 19:21:17,514 - INFO - Fetching: https://site.api.espn.com/apis/site/v2/sports/basketball/mens-college-basketball/scoreboard
2025-11-04 19:21:18,638 - INFO - Found 17 completed games for 20211213
2025-11-04 19:21:18,640 - INFO - Fetching: https://site.api.espn.com/apis/site/v2/sports/basketball/mens-college-basketball/scoreboard
2025-11-04 19:21:19,831 - INFO - Found 8 completed games for 20211214
2025-11-04 19:21:19,834 - INFO - Fetching: https://site.api.espn.com/apis/site/v2/sports/basketball/mens-college-basketball/scoreboard
2025-11-04 19:21:21,040 - INFO - Found 3 completed games for 20211215
2025-11-04 19:21:21,043 - INFO - Fetching: https://site.api.espn.com/apis/site/v2/sports/basketball/mens-college-basketball/scoreboard
2025-11-04 19:21:22,376 - INFO - Found 1 completed games for 20211216
2025-11-04 19:21:22,379 - INFO - Fetching: https://site.api.espn.com/apis/site/v2/sports/basketball/mens-college-basketball/scoreboard
2025-11-04 19:21:23,808 - INFO - Found 1 completed games for 20211217
2025-11-04 19:21:23,810 - INFO - Fetching: https://site.api.espn.com/apis/site/v2/sports/basketball/mens-college-basketball/scoreboard
2025-11-04 19:21:25,027 - INFO - Found 11 completed games for 20211218
2025-11-04 19:21:25,029 - INFO - Fetching: https://site.api.espn.com/apis/site/v2/sports/basketball/mens-college-basketball/scoreboard
2025-11-04 19:21:26,162 - INFO - Found 1 completed games for 20211219
2025-11-04 19:21:26,164 - INFO - Fetching: https://site.api.espn.com/apis/site/v2/sports/basketball/mens-college-basketball/scoreboard
2025-11-04 19:21:27,271 - INFO - Found 3 completed games for 20211220
2025-11-04 19:21:27,273 - INFO - Fetching: https://site.api.espn.com/apis/site/v2/sports/basketball/mens-college-basketball/scoreboard
2025-11-04 19:21:28,396 - INFO - Found 4 completed games for 20211221
2025-11-04 19:21:28,398 - INFO - Fetching: https://site.api.espn.com/apis/site/v2/sports/basketball/mens-college-basketball/scoreboard
2025-11-04 19:21:29,522 - INFO - Found 8 completed games for 20211222
2025-11-04 19:21:29,523 - INFO - Fetching: https://site.api.espn.com/apis/site/v2/sports/basketball/mens-college-basketball/scoreboard
2025-11-04 19:21:30,624 - INFO - Found 0 completed games for 20211223
2025-11-04 19:21:30,626 - INFO - Fetching: https://site.api.espn.com/apis/site/v2/sports/basketball/mens-college-basketball/scoreboard
2025-11-04 19:21:31,722 - INFO - Found 0 completed games for 20211224
2025-11-04 19:21:31,723 - INFO - Fetching: https://site.api.espn.com/apis/site/v2/sports/basketball/mens-college-basketball/scoreboard
2025-11-04 19:21:32,902 - INFO - Found 2 completed games for 20211225
2025-11-04 19:21:32,903 - INFO - Fetching: https://site.api.espn.com/apis/site/v2/sports/basketball/mens-college-basketball/scoreboard
2025-11-04 19:21:34,023 - INFO - Found 0 completed games for 20211226
2025-11-04 19:21:34,024 - INFO - Fetching: https://site.api.espn.com/apis/site/v2/sports/basketball/mens-college-basketball/scoreboard
2025-11-04 19:21:35,146 - INFO - Found 2 completed games for 20211227
2025-11-04 19:21:35,148 - INFO - Fetching: https://site.api.espn.com/apis/site/v2/sports/basketball/mens-college-basketball/scoreboard
2025-11-04 19:21:36,260 - INFO - Found 4 completed games for 20211228
2025-11-04 19:21:36,262 - INFO - Fetching: https://site.api.espn.com/apis/site/v2/sports/basketball/mens-college-basketball/scoreboard
2025-11-04 19:21:37,420 - INFO - Found 8 completed games for 20211229
2025-11-04 19:21:37,422 - INFO - Fetching: https://site.api.espn.com/apis/site/v2/sports/basketball/mens-college-basketball/scoreboard
2025-11-04 19:21:38,533 - INFO - Found 0 completed games for 20211230
2025-11-04 19:21:38,535 - INFO - Fetching: https://site.api.espn.com/apis/site/v2/sports/basketball/mens-college-basketball/scoreboard
2025-11-04 19:21:39,655 - INFO - Found 1 completed games for 20211231
2025-11-04 19:21:39,657 - INFO - Fetching: https://site.api.espn.com/apis/site/v2/sports/basketball/mens-college-basketball/scoreboard
2025-11-04 19:21:40,820 - INFO - Found 5 completed games for 20220101
2025-11-04 19:21:40,822 - INFO - Fetching: https://site.api.espn.com/apis/site/v2/sports/basketball/mens-college-basketball/scoreboard
2025-11-04 19:21:41,972 - INFO - Found 3 completed games for 20220102
2025-11-04 19:21:41,974 - INFO - Fetching: https://site.api.espn.com/apis/site/v2/sports/basketball/mens-college-basketball/scoreboard
2025-11-04 19:21:43,070 - INFO - Found 2 completed games for 20220103
2025-11-04 19:21:43,072 - INFO - Fetching: https://site.api.espn.com/apis/site/v2/sports/basketball/mens-college-basketball/scoreboard
2025-11-04 19:21:44,240 - INFO - Found 9 completed games for 20220104
2025-11-04 19:21:44,243 - INFO - Fetching: https://site.api.espn.com/apis/site/v2/sports/basketball/mens-college-basketball/scoreboard
2025-11-04 19:21:46,743 - INFO - Found 6 completed games for 20220105
2025-11-04 19:21:46,745 - INFO - Fetching: https://site.api.espn.com/apis/site/v2/sports/basketball/mens-college-basketball/scoreboard
2025-11-04 19:21:47,862 - INFO - Found 4 completed games for 20220106
2025-11-04 19:21:47,864 - INFO - Fetching: https://site.api.espn.com/apis/site/v2/sports/basketball/mens-college-basketball/scoreboard
2025-11-04 19:21:48,974 - INFO - Found 1 completed games for 20220107
2025-11-04 19:21:48,977 - INFO - Fetching: https://site.api.espn.com/apis/site/v2/sports/basketball/mens-college-basketball/scoreboard
2025-11-04 19:21:50,285 - INFO - Found 16 completed games for 20220108
2025-11-04 19:21:50,288 - INFO - Fetching: https://site.api.espn.com/apis/site/v2/sports/basketball/mens-college-basketball/scoreboard
2025-11-04 19:21:51,406 - INFO - Found 2 completed games for 20220109
2025-11-04 19:21:51,408 - INFO - Fetching: https://site.api.espn.com/apis/site/v2/sports/basketball/mens-college-basketball/scoreboard
2025-11-04 19:21:52,699 - INFO - Found 21 completed games for 20220110
2025-11-04 19:21:52,703 - INFO - Fetching: https://site.api.espn.com/apis/site/v2/sports/basketball/mens-college-basketball/scoreboard
2025-11-04 19:21:53,852 - INFO - Found 8 completed games for 20220111
2025-11-04 19:21:53,854 - INFO - Fetching: https://site.api.espn.com/apis/site/v2/sports/basketball/mens-college-basketball/scoreboard
2025-11-04 19:21:54,975 - INFO - Found 4 completed games for 20220112
2025-11-04 19:21:54,976 - INFO - Fetching: https://site.api.espn.com/apis/site/v2/sports/basketball/mens-college-basketball/scoreboard
2025-11-04 19:21:56,193 - INFO - Found 7 completed games for 20220113
2025-11-04 19:21:56,194 - INFO - Fetching: https://site.api.espn.com/apis/site/v2/sports/basketball/mens-college-basketball/scoreboard
2025-11-04 19:21:57,433 - INFO - Found 2 completed games for 20220114
2025-11-04 19:21:57,435 - INFO - Fetching: https://site.api.espn.com/apis/site/v2/sports/basketball/mens-college-basketball/scoreboard
2025-11-04 19:21:58,557 - INFO - Found 17 completed games for 20220115
2025-11-04 19:21:58,559 - INFO - Fetching: https://site.api.espn.com/apis/site/v2/sports/basketball/mens-college-basketball/scoreboard
2025-11-04 19:21:59,693 - INFO - Found 2 completed games for 20220116
2025-11-04 19:21:59,695 - INFO - Fetching: https://site.api.espn.com/apis/site/v2/sports/basketball/mens-college-basketball/scoreboard
2025-11-04 19:22:00,812 - INFO - Found 1 completed games for 20220117
2025-11-04 19:22:00,814 - INFO - Fetching: https://site.api.espn.com/apis/site/v2/sports/basketball/mens-college-basketball/scoreboard
2025-11-04 19:22:01,952 - INFO - Found 11 completed games for 20220118
2025-11-04 19:22:01,954 - INFO - Fetching: https://site.api.espn.com/apis/site/v2/sports/basketball/mens-college-basketball/scoreboard
2025-11-04 19:22:03,075 - INFO - Found 5 completed games for 20220119
2025-11-04 19:22:03,077 - INFO - Fetching: https://site.api.espn.com/apis/site/v2/sports/basketball/mens-college-basketball/scoreboard
2025-11-04 19:22:04,210 - INFO - Found 7 completed games for 20220120
2025-11-04 19:22:04,213 - INFO - Fetching: https://site.api.espn.com/apis/site/v2/sports/basketball/mens-college-basketball/scoreboard
2025-11-04 19:22:05,334 - INFO - Found 2 completed games for 20220121
2025-11-04 19:22:05,335 - INFO - Fetching: https://site.api.espn.com/apis/site/v2/sports/basketball/mens-college-basketball/scoreboard
2025-11-04 19:22:06,522 - INFO - Found 13 completed games for 20220122
2025-11-04 19:22:06,524 - INFO - Fetching: https://site.api.espn.com/apis/site/v2/sports/basketball/mens-college-basketball/scoreboard
2025-11-04 19:22:07,629 - INFO - Found 4 completed games for 20220123
2025-11-04 19:22:07,630 - INFO - Fetching: https://site.api.espn.com/apis/site/v2/sports/basketball/mens-college-basketball/scoreboard
2025-11-04 19:22:08,739 - INFO - Found 2 completed games for 20220124
2025-11-04 19:22:08,740 - INFO - Fetching: https://site.api.espn.com/apis/site/v2/sports/basketball/mens-college-basketball/scoreboard
2025-11-04 19:22:09,865 - INFO - Found 8 completed games for 20220125
2025-11-04 19:22:09,867 - INFO - Fetching: https://site.api.espn.com/apis/site/v2/sports/basketball/mens-college-basketball/scoreboard
2025-11-04 19:22:10,992 - INFO - Found 6 completed games for 20220126
2025-11-04 19:22:10,994 - INFO - Fetching: https://site.api.espn.com/apis/site/v2/sports/basketball/mens-college-basketball/scoreboard
2025-11-04 19:22:12,130 - INFO - Found 6 completed games for 20220127
2025-11-04 19:22:12,132 - INFO - Fetching: https://site.api.espn.com/apis/site/v2/sports/basketball/mens-college-basketball/scoreboard
2025-11-04 19:22:13,281 - INFO - Found 18 completed games for 20220128
2025-11-04 19:22:13,283 - INFO - Fetching: https://site.api.espn.com/apis/site/v2/sports/basketball/mens-college-basketball/scoreboard
2025-11-04 19:22:14,404 - INFO - Found 12 completed games for 20220129
2025-11-04 19:22:14,406 - INFO - Fetching: https://site.api.espn.com/apis/site/v2/sports/basketball/mens-college-basketball/scoreboard
2025-11-04 19:22:15,597 - INFO - Found 3 completed games for 20220130
2025-11-04 19:22:15,599 - INFO - Fetching: https://site.api.espn.com/apis/site/v2/sports/basketball/mens-college-basketball/scoreboard
2025-11-04 19:22:18,133 - INFO - Found 2 completed games for 20220131
2025-11-04 19:22:18,134 - INFO - Fetching: https://site.api.espn.com/apis/site/v2/sports/basketball/mens-college-basketball/scoreboard
2025-11-04 19:22:19,260 - INFO - Found 8 completed games for 20220201
2025-11-04 19:22:19,262 - INFO - Fetching: https://site.api.espn.com/apis/site/v2/sports/basketball/mens-college-basketball/scoreboard
2025-11-04 19:22:20,408 - INFO - Found 6 completed games for 20220202
2025-11-04 19:22:20,410 - INFO - Fetching: https://site.api.espn.com/apis/site/v2/sports/basketball/mens-college-basketball/scoreboard
2025-11-04 19:22:21,581 - INFO - Found 3 completed games for 20220203
2025-11-04 19:22:21,582 - INFO - Fetching: https://site.api.espn.com/apis/site/v2/sports/basketball/mens-college-basketball/scoreboard
2025-11-04 19:22:22,709 - INFO - Found 20 completed games for 20220204
2025-11-04 19:22:22,712 - INFO - Fetching: https://site.api.espn.com/apis/site/v2/sports/basketball/mens-college-basketball/scoreboard
2025-11-04 19:22:23,866 - INFO - Found 17 completed games for 20220205
2025-11-04 19:22:23,868 - INFO - Fetching: https://site.api.espn.com/apis/site/v2/sports/basketball/mens-college-basketball/scoreboard
2025-11-04 19:22:24,986 - INFO - Found 3 completed games for 20220206
2025-11-04 19:22:24,988 - INFO - Fetching: https://site.api.espn.com/apis/site/v2/sports/basketball/mens-college-basketball/scoreboard
2025-11-04 19:22:26,118 - INFO - Found 3 completed games for 20220207
2025-11-04 19:22:26,120 - INFO - Fetching: https://site.api.espn.com/apis/site/v2/sports/basketball/mens-college-basketball/scoreboard
2025-11-04 19:22:27,250 - INFO - Found 8 completed games for 20220208
2025-11-04 19:22:27,253 - INFO - Fetching: https://site.api.espn.com/apis/site/v2/sports/basketball/mens-college-basketball/scoreboard
2025-11-04 19:22:28,417 - INFO - Found 6 completed games for 20220209
2025-11-04 19:22:28,419 - INFO - Fetching: https://site.api.espn.com/apis/site/v2/sports/basketball/mens-college-basketball/scoreboard
2025-11-04 19:22:29,600 - INFO - Found 6 completed games for 20220210
2025-11-04 19:22:29,602 - INFO - Fetching: https://site.api.espn.com/apis/site/v2/sports/basketball/mens-college-basketball/scoreboard
2025-11-04 19:22:30,777 - INFO - Found 1 completed games for 20220211
2025-11-04 19:22:30,779 - INFO - Fetching: https://site.api.espn.com/apis/site/v2/sports/basketball/mens-college-basketball/scoreboard
2025-11-04 19:22:31,988 - INFO - Found 17 completed games for 20220212
2025-11-04 19:22:31,991 - INFO - Fetching: https://site.api.espn.com/apis/site/v2/sports/basketball/mens-college-basketball/scoreboard
2025-11-04 19:22:33,137 - INFO - Found 3 completed games for 20220213
2025-11-04 19:22:33,139 - INFO - Fetching: https://site.api.espn.com/apis/site/v2/sports/basketball/mens-college-basketball/scoreboard
2025-11-04 19:22:34,272 - INFO - Found 1 completed games for 20220214
2025-11-04 19:22:34,274 - INFO - Fetching: https://site.api.espn.com/apis/site/v2/sports/basketball/mens-college-basketball/scoreboard
2025-11-04 19:22:35,390 - INFO - Found 9 completed games for 20220215
2025-11-04 19:22:35,392 - INFO - Fetching: https://site.api.espn.com/apis/site/v2/sports/basketball/mens-college-basketball/scoreboard
2025-11-04 19:22:36,530 - INFO - Found 7 completed games for 20220216
2025-11-04 19:22:36,532 - INFO - Fetching: https://site.api.espn.com/apis/site/v2/sports/basketball/mens-college-basketball/scoreboard
2025-11-04 19:22:37,859 - INFO - Found 5 completed games for 20220217
2025-11-04 19:22:37,861 - INFO - Fetching: https://site.api.espn.com/apis/site/v2/sports/basketball/mens-college-basketball/scoreboard
2025-11-04 19:22:39,065 - INFO - Found 16 completed games for 20220218
2025-11-04 19:22:39,068 - INFO - Fetching: https://site.api.espn.com/apis/site/v2/sports/basketball/mens-college-basketball/scoreboard
2025-11-04 19:22:40,186 - INFO - Found 15 completed games for 20220219
2025-11-04 19:22:40,189 - INFO - Fetching: https://site.api.espn.com/apis/site/v2/sports/basketball/mens-college-basketball/scoreboard
2025-11-04 19:22:41,310 - INFO - Found 5 completed games for 20220220
2025-11-04 19:22:41,311 - INFO - Fetching: https://site.api.espn.com/apis/site/v2/sports/basketball/mens-college-basketball/scoreboard
2025-11-04 19:22:42,463 - INFO - Found 3 completed games for 20220221
2025-11-04 19:22:42,466 - INFO - Fetching: https://site.api.espn.com/apis/site/v2/sports/basketball/mens-college-basketball/scoreboard
2025-11-04 19:22:43,604 - INFO - Found 7 completed games for 20220222
2025-11-04 19:22:43,605 - INFO - Fetching: https://site.api.espn.com/apis/site/v2/sports/basketball/mens-college-basketball/scoreboard
2025-11-04 19:22:44,726 - INFO - Found 7 completed games for 20220223
2025-11-04 19:22:44,728 - INFO - Fetching: https://site.api.espn.com/apis/site/v2/sports/basketball/mens-college-basketball/scoreboard
2025-11-04 19:22:45,877 - INFO - Found 7 completed games for 20220224
2025-11-04 19:22:45,879 - INFO - Fetching: https://site.api.espn.com/apis/site/v2/sports/basketball/mens-college-basketball/scoreboard
2025-11-04 19:22:47,069 - INFO - Found 1 completed games for 20220225
2025-11-04 19:22:47,071 - INFO - Fetching: https://site.api.espn.com/apis/site/v2/sports/basketball/mens-college-basketball/scoreboard
2025-11-04 19:22:49,579 - INFO - Found 15 completed games for 20220226
2025-11-04 19:22:49,582 - INFO - Fetching: https://site.api.espn.com/apis/site/v2/sports/basketball/mens-college-basketball/scoreboard
2025-11-04 19:22:50,726 - INFO - Found 4 completed games for 20220227
2025-11-04 19:22:50,728 - INFO - Fetching: https://site.api.espn.com/apis/site/v2/sports/basketball/mens-college-basketball/scoreboard
2025-11-04 19:22:51,843 - INFO - Found 4 completed games for 20220228
2025-11-04 19:22:51,845 - INFO - Fetching: https://site.api.espn.com/apis/site/v2/sports/basketball/mens-college-basketball/scoreboard
2025-11-04 19:22:52,962 - INFO - Found 9 completed games for 20220301
2025-11-04 19:22:52,964 - INFO - Fetching: https://site.api.espn.com/apis/site/v2/sports/basketball/mens-college-basketball/scoreboard
2025-11-04 19:22:54,099 - INFO - Found 4 completed games for 20220302
2025-11-04 19:22:54,101 - INFO - Fetching: https://site.api.espn.com/apis/site/v2/sports/basketball/mens-college-basketball/scoreboard
2025-11-04 19:22:55,224 - INFO - Found 6 completed games for 20220303
2025-11-04 19:22:55,226 - INFO - Fetching: https://site.api.espn.com/apis/site/v2/sports/basketball/mens-college-basketball/scoreboard
2025-11-04 19:22:56,359 - INFO - Found 22 completed games for 20220304
2025-11-04 19:22:56,361 - INFO - Fetching: https://site.api.espn.com/apis/site/v2/sports/basketball/mens-college-basketball/scoreboard
2025-11-04 19:22:57,548 - INFO - Found 13 completed games for 20220305
2025-11-04 19:22:57,550 - INFO - Fetching: https://site.api.espn.com/apis/site/v2/sports/basketball/mens-college-basketball/scoreboard
2025-11-04 19:22:58,674 - INFO - Found 4 completed games for 20220306
2025-11-04 19:22:58,676 - INFO - Fetching: https://site.api.espn.com/apis/site/v2/sports/basketball/mens-college-basketball/scoreboard
2025-11-04 19:22:59,846 - INFO - Found 10 completed games for 20220307
2025-11-04 19:22:59,848 - INFO - Fetching: https://site.api.espn.com/apis/site/v2/sports/basketball/mens-college-basketball/scoreboard
2025-11-04 19:23:01,037 - INFO - Found 18 completed games for 20220308
2025-11-04 19:23:01,040 - INFO - Fetching: https://site.api.espn.com/apis/site/v2/sports/basketball/mens-college-basketball/scoreboard
2025-11-04 19:23:02,243 - INFO - Found 41 completed games for 20220309
2025-11-04 19:23:02,248 - INFO - Fetching: https://site.api.espn.com/apis/site/v2/sports/basketball/mens-college-basketball/scoreboard
2025-11-04 19:23:03,475 - INFO - Found 61 completed games for 20220310
2025-11-04 19:23:03,479 - INFO - Fetching: https://site.api.espn.com/apis/site/v2/sports/basketball/mens-college-basketball/scoreboard
2025-11-04 19:23:04,727 - INFO - Found 44 completed games for 20220311
2025-11-04 19:23:04,731 - INFO - Fetching: https://site.api.espn.com/apis/site/v2/sports/basketball/mens-college-basketball/scoreboard
2025-11-04 19:23:05,885 - INFO - Found 25 completed games for 20220312
2025-11-04 19:23:05,888 - INFO - Fetching: https://site.api.espn.com/apis/site/v2/sports/basketball/mens-college-basketball/scoreboard
2025-11-04 19:23:07,211 - INFO - Found 5 completed games for 20220313
2025-11-04 19:23:07,212 - INFO - Fetching: https://site.api.espn.com/apis/site/v2/sports/basketball/mens-college-basketball/scoreboard
2025-11-04 19:23:08,319 - INFO - Found 0 completed games for 20220314
2025-11-04 19:23:08,320 - INFO - Fetching: https://site.api.espn.com/apis/site/v2/sports/basketball/mens-college-basketball/scoreboard
2025-11-04 19:23:09,427 - INFO - Found 2 completed games for 20220315
2025-11-04 19:23:09,429 - INFO - Fetching: https://site.api.espn.com/apis/site/v2/sports/basketball/mens-college-basketball/scoreboard
2025-11-04 19:23:10,571 - INFO - Found 2 completed games for 20220316
2025-11-04 19:23:10,573 - INFO - Fetching: https://site.api.espn.com/apis/site/v2/sports/basketball/mens-college-basketball/scoreboard
2025-11-04 19:23:11,763 - INFO - Found 16 completed games for 20220317
2025-11-04 19:23:11,766 - INFO - Fetching: https://site.api.espn.com/apis/site/v2/sports/basketball/mens-college-basketball/scoreboard
2025-11-04 19:23:12,880 - INFO - Found 16 completed games for 20220318
2025-11-04 19:23:12,883 - INFO - Fetching: https://site.api.espn.com/apis/site/v2/sports/basketball/mens-college-basketball/scoreboard
2025-11-04 19:23:14,182 - INFO - Found 8 completed games for 20220319
2025-11-04 19:23:14,184 - INFO - Fetching: https://site.api.espn.com/apis/site/v2/sports/basketball/mens-college-basketball/scoreboard
2025-11-04 19:23:15,319 - INFO - Found 8 completed games for 20220320
2025-11-04 19:23:15,321 - INFO - Fetching: https://site.api.espn.com/apis/site/v2/sports/basketball/mens-college-basketball/scoreboard
2025-11-04 19:23:16,455 - INFO - Found 0 completed games for 20220321
2025-11-04 19:23:16,457 - INFO - Fetching: https://site.api.espn.com/apis/site/v2/sports/basketball/mens-college-basketball/scoreboard
2025-11-04 19:23:17,551 - INFO - Found 0 completed games for 20220322
2025-11-04 19:23:17,552 - INFO - Fetching: https://site.api.espn.com/apis/site/v2/sports/basketball/mens-college-basketball/scoreboard
2025-11-04 19:23:18,669 - INFO - Found 0 completed games for 20220323
2025-11-04 19:23:18,671 - INFO - Fetching: https://site.api.espn.com/apis/site/v2/sports/basketball/mens-college-basketball/scoreboard
2025-11-04 19:23:21,145 - INFO - Found 4 completed games for 20220324
2025-11-04 19:23:21,147 - INFO - Fetching: https://site.api.espn.com/apis/site/v2/sports/basketball/mens-college-basketball/scoreboard
2025-11-04 19:23:22,286 - INFO - Found 4 completed games for 20220325
2025-11-04 19:23:22,287 - INFO - Fetching: https://site.api.espn.com/apis/site/v2/sports/basketball/mens-college-basketball/scoreboard
2025-11-04 19:23:23,408 - INFO - Found 2 completed games for 20220326
2025-11-04 19:23:23,410 - INFO - Fetching: https://site.api.espn.com/apis/site/v2/sports/basketball/mens-college-basketball/scoreboard
2025-11-04 19:23:24,522 - INFO - Found 2 completed games for 20220327
2025-11-04 19:23:24,523 - INFO - Fetching: https://site.api.espn.com/apis/site/v2/sports/basketball/mens-college-basketball/scoreboard
2025-11-04 19:23:25,643 - INFO - Found 0 completed games for 20220328
2025-11-04 19:23:25,645 - INFO - Fetching: https://site.api.espn.com/apis/site/v2/sports/basketball/mens-college-basketball/scoreboard
2025-11-04 19:23:26,761 - INFO - Found 0 completed games for 20220329
2025-11-04 19:23:26,763 - INFO - Fetching: https://site.api.espn.com/apis/site/v2/sports/basketball/mens-college-basketball/scoreboard
2025-11-04 19:23:27,910 - INFO - Found 0 completed games for 20220330
2025-11-04 19:23:27,912 - INFO - Fetching: https://site.api.espn.com/apis/site/v2/sports/basketball/mens-college-basketball/scoreboard
2025-11-04 19:23:29,007 - INFO - Found 0 completed games for 20220331
2025-11-04 19:23:29,008 - INFO - Fetching: https://site.api.espn.com/apis/site/v2/sports/basketball/mens-college-basketball/scoreboard
2025-11-04 19:23:30,109 - INFO - Found 0 completed games for 20220401
2025-11-04 19:23:30,110 - INFO - Fetching: https://site.api.espn.com/apis/site/v2/sports/basketball/mens-college-basketball/scoreboard
2025-11-04 19:23:31,225 - INFO - Found 2 completed games for 20220402
2025-11-04 19:23:31,227 - INFO - Fetching: https://site.api.espn.com/apis/site/v2/sports/basketball/mens-college-basketball/scoreboard
2025-11-04 19:23:32,335 - INFO - Found 0 completed games for 20220403
2025-11-04 19:23:32,337 - INFO - Fetching: https://site.api.espn.com/apis/site/v2/sports/basketball/mens-college-basketball/scoreboard
2025-11-04 19:23:33,468 - INFO - Found 1 completed games for 20220404
2025-11-04 19:23:33,470 - INFO - Fetching: https://site.api.espn.com/apis/site/v2/sports/basketball/mens-college-basketball/scoreboard
2025-11-04 19:23:34,582 - INFO - Found 0 completed games for 20220405
2025-11-04 19:23:34,583 - INFO - Fetching: https://site.api.espn.com/apis/site/v2/sports/basketball/mens-college-basketball/scoreboard
2025-11-04 19:23:35,714 - INFO - Found 0 completed games for 20220406
2025-11-04 19:23:35,715 - INFO - Fetching: https://site.api.espn.com/apis/site/v2/sports/basketball/mens-college-basketball/scoreboard
2025-11-04 19:23:36,842 - INFO - Found 0 completed games for 20220407
2025-11-04 19:23:36,843 - INFO - Fetching: https://site.api.espn.com/apis/site/v2/sports/basketball/mens-college-basketball/scoreboard
2025-11-04 19:23:38,003 - INFO - Found 0 completed games for 20220408
2025-11-04 19:23:38,005 - INFO - Fetching: https://site.api.espn.com/apis/site/v2/sports/basketball/mens-college-basketball/scoreboard
2025-11-04 19:23:39,146 - INFO - Found 0 completed games for 20220409
2025-11-04 19:23:39,147 - INFO - Fetching: https://site.api.espn.com/apis/site/v2/sports/basketball/mens-college-basketball/scoreboard
2025-11-04 19:23:40,254 - INFO - Found 0 completed games for 20220410
2025-11-04 19:23:40,255 - INFO - Fetching: https://site.api.espn.com/apis/site/v2/sports/basketball/mens-college-basketball/scoreboard
2025-11-04 19:23:41,599 - INFO - Found 0 completed games for 20220411
2025-11-04 19:23:41,600 - INFO - Fetching: https://site.api.espn.com/apis/site/v2/sports/basketball/mens-college-basketball/scoreboard
2025-11-04 19:23:42,762 - INFO - Found 0 completed games for 20220412
2025-11-04 19:23:42,764 - INFO - Fetching: https://site.api.espn.com/apis/site/v2/sports/basketball/mens-college-basketball/scoreboard
2025-11-04 19:23:43,886 - INFO - Found 0 completed games for 20220413
2025-11-04 19:23:43,887 - INFO - Fetching: https://site.api.espn.com/apis/site/v2/sports/basketball/mens-college-basketball/scoreboard
2025-11-04 19:23:45,015 - INFO - Found 0 completed games for 20220414
2025-11-04 19:23:45,017 - INFO - Fetching: https://site.api.espn.com/apis/site/v2/sports/basketball/mens-college-basketball/scoreboard
2025-11-04 19:23:46,337 - INFO - Found 0 completed games for 20220415
2025-11-04 19:23:46,338 - INFO - Fetching: https://site.api.espn.com/apis/site/v2/sports/basketball/mens-college-basketball/scoreboard
2025-11-04 19:23:47,449 - INFO - Found 0 completed games for 20220416
2025-11-04 19:23:47,450 - INFO - Fetching: https://site.api.espn.com/apis/site/v2/sports/basketball/mens-college-basketball/scoreboard
2025-11-04 19:23:48,569 - INFO - Found 0 completed games for 20220417
2025-11-04 19:23:48,570 - INFO - Fetching: https://site.api.espn.com/apis/site/v2/sports/basketball/mens-college-basketball/scoreboard
2025-11-04 19:23:49,679 - INFO - Found 0 completed games for 20220418
2025-11-04 19:23:49,681 - INFO - Fetching: https://site.api.espn.com/apis/site/v2/sports/basketball/mens-college-basketball/scoreboard
2025-11-04 19:23:52,248 - INFO - Found 0 completed games for 20220419
2025-11-04 19:23:52,250 - INFO - Fetching: https://site.api.espn.com/apis/site/v2/sports/basketball/mens-college-basketball/scoreboard
2025-11-04 19:23:53,589 - INFO - Found 0 completed games for 20220420
2025-11-04 19:23:53,590 - INFO - Fetching: https://site.api.espn.com/apis/site/v2/sports/basketball/mens-college-basketball/scoreboard
2025-11-04 19:23:54,711 - INFO - Found 0 completed games for 20220421
2025-11-04 19:23:54,712 - INFO - Fetching: https://site.api.espn.com/apis/site/v2/sports/basketball/mens-college-basketball/scoreboard
2025-11-04 19:23:55,827 - INFO - Found 0 completed games for 20220422
2025-11-04 19:23:55,828 - INFO - Fetching: https://site.api.espn.com/apis/site/v2/sports/basketball/mens-college-basketball/scoreboard
2025-11-04 19:23:56,952 - INFO - Found 0 completed games for 20220423
2025-11-04 19:23:56,953 - INFO - Fetching: https://site.api.espn.com/apis/site/v2/sports/basketball/mens-college-basketball/scoreboard
2025-11-04 19:23:58,052 - INFO - Found 0 completed games for 20220424
2025-11-04 19:23:58,053 - INFO - Fetching: https://site.api.espn.com/apis/site/v2/sports/basketball/mens-college-basketball/scoreboard
2025-11-04 19:23:59,193 - INFO - Found 0 completed games for 20220425
2025-11-04 19:23:59,194 - INFO - Fetching: https://site.api.espn.com/apis/site/v2/sports/basketball/mens-college-basketball/scoreboard
2025-11-04 19:24:00,345 - INFO - Found 0 completed games for 20220426
2025-11-04 19:24:00,347 - INFO - Fetching: https://site.api.espn.com/apis/site/v2/sports/basketball/mens-college-basketball/scoreboard
2025-11-04 19:24:01,469 - INFO - Found 0 completed games for 20220427
2025-11-04 19:24:01,471 - INFO - Fetching: https://site.api.espn.com/apis/site/v2/sports/basketball/mens-college-basketball/scoreboard
2025-11-04 19:24:02,592 - INFO - Found 0 completed games for 20220428
2025-11-04 19:24:02,593 - INFO - Fetching: https://site.api.espn.com/apis/site/v2/sports/basketball/mens-college-basketball/scoreboard
2025-11-04 19:24:03,687 - INFO - Found 0 completed games for 20220429
2025-11-04 19:24:03,689 - INFO - Fetching: https://site.api.espn.com/apis/site/v2/sports/basketball/mens-college-basketball/scoreboard
2025-11-04 19:24:04,842 - INFO - Found 0 completed games for 20220430
2025-11-04 19:24:05,033 - INFO - Saved 1107 games to database
2025-11-04 19:24:05,775 - INFO - Calculated stats for 374 teams
2025-11-04 19:24:05,847 - INFO - Saved 374 team stats to database
2025-11-04 19:24:05,847 - INFO - Completed scrape for 2022 season
2025-11-04 19:24:07,848 - INFO - Starting full scrape for 2023 season
2025-11-04 19:24:07,848 - INFO - Scraping 2023 season from 2022-11-01 to 2023-04-30
2025-11-04 19:24:07,849 - INFO - Fetching: https://site.api.espn.com/apis/site/v2/sports/basketball/mens-college-basketball/scoreboard
2025-11-04 19:24:08,963 - INFO - Found 0 completed games for 20221101
2025-11-04 19:24:08,964 - INFO - Fetching: https://site.api.espn.com/apis/site/v2/sports/basketball/mens-college-basketball/scoreboard
2025-11-04 19:24:10,087 - INFO - Found 0 completed games for 20221102
2025-11-04 19:24:10,088 - INFO - Fetching: https://site.api.espn.com/apis/site/v2/sports/basketball/mens-college-basketball/scoreboard
2025-11-04 19:24:11,177 - INFO - Found 0 completed games for 20221103
2025-11-04 19:24:11,178 - INFO - Fetching: https://site.api.espn.com/apis/site/v2/sports/basketball/mens-college-basketball/scoreboard
2025-11-04 19:24:12,301 - INFO - Found 0 completed games for 20221104
2025-11-04 19:24:12,303 - INFO - Fetching: https://site.api.espn.com/apis/site/v2/sports/basketball/mens-college-basketball/scoreboard
2025-11-04 19:24:13,416 - INFO - Found 0 completed games for 20221105
2025-11-04 19:24:13,417 - INFO - Fetching: https://site.api.espn.com/apis/site/v2/sports/basketball/mens-college-basketball/scoreboard
2025-11-04 19:24:14,506 - INFO - Found 0 completed games for 20221106
2025-11-04 19:24:14,507 - INFO - Fetching: https://site.api.espn.com/apis/site/v2/sports/basketball/mens-college-basketball/scoreboard
2025-11-04 19:24:15,608 - INFO - Found 24 completed games for 20221107
2025-11-04 19:24:15,612 - INFO - Fetching: https://site.api.espn.com/apis/site/v2/sports/basketball/mens-college-basketball/scoreboard
2025-11-04 19:24:16,735 - INFO - Found 10 completed games for 20221108
2025-11-04 19:24:16,737 - INFO - Fetching: https://site.api.espn.com/apis/site/v2/sports/basketball/mens-college-basketball/scoreboard
2025-11-04 19:24:17,865 - INFO - Found 26 completed games for 20221109
2025-11-04 19:24:17,869 - INFO - Fetching: https://site.api.espn.com/apis/site/v2/sports/basketball/mens-college-basketball/scoreboard
2025-11-04 19:24:18,979 - INFO - Found 4 completed games for 20221110
2025-11-04 19:24:18,980 - INFO - Fetching: https://site.api.espn.com/apis/site/v2/sports/basketball/mens-college-basketball/scoreboard
2025-11-04 19:24:20,136 - INFO - Found 16 completed games for 20221111
2025-11-04 19:24:20,139 - INFO - Fetching: https://site.api.espn.com/apis/site/v2/sports/basketball/mens-college-basketball/scoreboard
2025-11-04 19:24:21,245 - INFO - Found 59 completed games for 20221112
2025-11-04 19:24:21,249 - INFO - Fetching: https://site.api.espn.com/apis/site/v2/sports/basketball/mens-college-basketball/scoreboard
2025-11-04 19:24:23,724 - INFO - Found 1 completed games for 20221113
2025-11-04 19:24:23,725 - INFO - Fetching: https://site.api.espn.com/apis/site/v2/sports/basketball/mens-college-basketball/scoreboard
2025-11-04 19:24:24,841 - INFO - Found 6 completed games for 20221114
2025-11-04 19:24:24,843 - INFO - Fetching: https://site.api.espn.com/apis/site/v2/sports/basketball/mens-college-basketball/scoreboard
2025-11-04 19:24:25,962 - INFO - Found 6 completed games for 20221115
2025-11-04 19:24:25,964 - INFO - Fetching: https://site.api.espn.com/apis/site/v2/sports/basketball/mens-college-basketball/scoreboard
2025-11-04 19:24:27,059 - INFO - Found 3 completed games for 20221116
2025-11-04 19:24:27,061 - INFO - Fetching: https://site.api.espn.com/apis/site/v2/sports/basketball/mens-college-basketball/scoreboard
2025-11-04 19:24:28,147 - INFO - Found 3 completed games for 20221117
2025-11-04 19:24:28,149 - INFO - Fetching: https://site.api.espn.com/apis/site/v2/sports/basketball/mens-college-basketball/scoreboard
2025-11-04 19:24:29,268 - INFO - Found 5 completed games for 20221118
2025-11-04 19:24:29,270 - INFO - Fetching: https://site.api.espn.com/apis/site/v2/sports/basketball/mens-college-basketball/scoreboard
2025-11-04 19:24:30,382 - INFO - Found 1 completed games for 20221119
2025-11-04 19:24:30,384 - INFO - Fetching: https://site.api.espn.com/apis/site/v2/sports/basketball/mens-college-basketball/scoreboard
2025-11-04 19:24:31,523 - INFO - Found 5 completed games for 20221120
2025-11-04 19:24:31,524 - INFO - Fetching: https://site.api.espn.com/apis/site/v2/sports/basketball/mens-college-basketball/scoreboard
2025-11-04 19:24:32,639 - INFO - Found 1 completed games for 20221121
2025-11-04 19:24:32,641 - INFO - Fetching: https://site.api.espn.com/apis/site/v2/sports/basketball/mens-college-basketball/scoreboard
2025-11-04 19:24:33,778 - INFO - Found 69 completed games for 20221122
2025-11-04 19:24:33,786 - INFO - Fetching: https://site.api.espn.com/apis/site/v2/sports/basketball/mens-college-basketball/scoreboard
2025-11-04 19:24:34,878 - INFO - Found 2 completed games for 20221123
2025-11-04 19:24:34,880 - INFO - Fetching: https://site.api.espn.com/apis/site/v2/sports/basketball/mens-college-basketball/scoreboard
2025-11-04 19:24:35,977 - INFO - Found 22 completed games for 20221124
2025-11-04 19:24:35,980 - INFO - Fetching: https://site.api.espn.com/apis/site/v2/sports/basketball/mens-college-basketball/scoreboard
2025-11-04 19:24:37,121 - INFO - Found 3 completed games for 20221125
2025-11-04 19:24:37,124 - INFO - Fetching: https://site.api.espn.com/apis/site/v2/sports/basketball/mens-college-basketball/scoreboard
2025-11-04 19:24:38,490 - INFO - Found 1 completed games for 20221126
2025-11-04 19:24:38,491 - INFO - Fetching: https://site.api.espn.com/apis/site/v2/sports/basketball/mens-college-basketball/scoreboard
2025-11-04 19:24:39,575 - INFO - Found 2 completed games for 20221127
2025-11-04 19:24:39,577 - INFO - Fetching: https://site.api.espn.com/apis/site/v2/sports/basketball/mens-college-basketball/scoreboard
2025-11-04 19:24:40,663 - INFO - Found 2 completed games for 20221128
2025-11-04 19:24:40,666 - INFO - Fetching: https://site.api.espn.com/apis/site/v2/sports/basketball/mens-college-basketball/scoreboard
2025-11-04 19:24:41,779 - INFO - Found 3 completed games for 20221129
2025-11-04 19:24:41,782 - INFO - Fetching: https://site.api.espn.com/apis/site/v2/sports/basketball/mens-college-basketball/scoreboard
2025-11-04 19:24:42,887 - INFO - Found 2 completed games for 20221130
2025-11-04 19:24:42,890 - INFO - Fetching: https://site.api.espn.com/apis/site/v2/sports/basketball/mens-college-basketball/scoreboard
2025-11-04 19:24:44,005 - INFO - Found 2 completed games for 20221201
2025-11-04 19:24:44,006 - INFO - Fetching: https://site.api.espn.com/apis/site/v2/sports/basketball/mens-college-basketball/scoreboard
2025-11-04 19:24:45,108 - INFO - Found 4 completed games for 20221202
2025-11-04 19:24:45,110 - INFO - Fetching: https://site.api.espn.com/apis/site/v2/sports/basketball/mens-college-basketball/scoreboard
2025-11-04 19:24:46,280 - INFO - Found 6 completed games for 20221203
2025-11-04 19:24:46,282 - INFO - Fetching: https://site.api.espn.com/apis/site/v2/sports/basketball/mens-college-basketball/scoreboard
2025-11-04 19:24:47,437 - INFO - Found 7 completed games for 20221204
2025-11-04 19:24:47,439 - INFO - Fetching: https://site.api.espn.com/apis/site/v2/sports/basketball/mens-college-basketball/scoreboard
2025-11-04 19:24:48,645 - INFO - Found 2 completed games for 20221205
2025-11-04 19:24:48,646 - INFO - Fetching: https://site.api.espn.com/apis/site/v2/sports/basketball/mens-college-basketball/scoreboard
2025-11-04 19:24:50,029 - INFO - Found 6 completed games for 20221206
2025-11-04 19:24:50,031 - INFO - Fetching: https://site.api.espn.com/apis/site/v2/sports/basketball/mens-college-basketball/scoreboard
2025-11-04 19:24:51,134 - INFO - Found 4 completed games for 20221207
2025-11-04 19:24:51,136 - INFO - Fetching: https://site.api.espn.com/apis/site/v2/sports/basketball/mens-college-basketball/scoreboard
2025-11-04 19:24:52,247 - INFO - Found 2 completed games for 20221208
2025-11-04 19:24:52,249 - INFO - Fetching: https://site.api.espn.com/apis/site/v2/sports/basketball/mens-college-basketball/scoreboard
2025-11-04 19:24:54,652 - INFO - Found 1 completed games for 20221209
2025-11-04 19:24:54,653 - INFO - Fetching: https://site.api.espn.com/apis/site/v2/sports/basketball/mens-college-basketball/scoreboard
2025-11-04 19:24:56,061 - INFO - Found 11 completed games for 20221210
2025-11-04 19:24:56,064 - INFO - Fetching: https://site.api.espn.com/apis/site/v2/sports/basketball/mens-college-basketball/scoreboard
2025-11-04 19:24:57,174 - INFO - Found 2 completed games for 20221211
2025-11-04 19:24:57,176 - INFO - Fetching: https://site.api.espn.com/apis/site/v2/sports/basketball/mens-college-basketball/scoreboard
2025-11-04 19:24:58,275 - INFO - Found 2 completed games for 20221212
2025-11-04 19:24:58,277 - INFO - Fetching: https://site.api.espn.com/apis/site/v2/sports/basketball/mens-college-basketball/scoreboard
2025-11-04 19:24:59,385 - INFO - Found 3 completed games for 20221213
2025-11-04 19:24:59,386 - INFO - Fetching: https://site.api.espn.com/apis/site/v2/sports/basketball/mens-college-basketball/scoreboard
2025-11-04 19:25:00,498 - INFO - Found 3 completed games for 20221214
2025-11-04 19:25:00,499 - INFO - Fetching: https://site.api.espn.com/apis/site/v2/sports/basketball/mens-college-basketball/scoreboard
2025-11-04 19:25:01,596 - INFO - Found 1 completed games for 20221215
2025-11-04 19:25:01,598 - INFO - Fetching: https://site.api.espn.com/apis/site/v2/sports/basketball/mens-college-basketball/scoreboard
2025-11-04 19:25:03,056 - INFO - Found 18 completed games for 20221216
2025-11-04 19:25:03,058 - INFO - Fetching: https://site.api.espn.com/apis/site/v2/sports/basketball/mens-college-basketball/scoreboard
2025-11-04 19:25:04,175 - INFO - Found 9 completed games for 20221217
2025-11-04 19:25:04,177 - INFO - Fetching: https://site.api.espn.com/apis/site/v2/sports/basketball/mens-college-basketball/scoreboard
2025-11-04 19:25:05,277 - INFO - Found 2 completed games for 20221218
2025-11-04 19:25:05,279 - INFO - Fetching: https://site.api.espn.com/apis/site/v2/sports/basketball/mens-college-basketball/scoreboard
2025-11-04 19:25:06,731 - INFO - Found 38 completed games for 20221219
2025-11-04 19:25:06,734 - INFO - Fetching: https://site.api.espn.com/apis/site/v2/sports/basketball/mens-college-basketball/scoreboard
2025-11-04 19:25:07,862 - INFO - Found 9 completed games for 20221220
2025-11-04 19:25:07,865 - INFO - Fetching: https://site.api.espn.com/apis/site/v2/sports/basketball/mens-college-basketball/scoreboard
2025-11-04 19:25:08,986 - INFO - Found 10 completed games for 20221221
2025-11-04 19:25:08,989 - INFO - Fetching: https://site.api.espn.com/apis/site/v2/sports/basketball/mens-college-basketball/scoreboard
2025-11-04 19:25:10,098 - INFO - Found 3 completed games for 20221222
2025-11-04 19:25:10,099 - INFO - Fetching: https://site.api.espn.com/apis/site/v2/sports/basketball/mens-college-basketball/scoreboard
2025-11-04 19:25:11,217 - INFO - Found 1 completed games for 20221223
2025-11-04 19:25:11,218 - INFO - Fetching: https://site.api.espn.com/apis/site/v2/sports/basketball/mens-college-basketball/scoreboard
2025-11-04 19:25:12,375 - INFO - Found 0 completed games for 20221224
2025-11-04 19:25:12,376 - INFO - Fetching: https://site.api.espn.com/apis/site/v2/sports/basketball/mens-college-basketball/scoreboard
2025-11-04 19:25:13,599 - INFO - Found 5 completed games for 20221225
2025-11-04 19:25:13,602 - INFO - Fetching: https://site.api.espn.com/apis/site/v2/sports/basketball/mens-college-basketball/scoreboard
2025-11-04 19:25:14,711 - INFO - Found 0 completed games for 20221226
2025-11-04 19:25:14,712 - INFO - Fetching: https://site.api.espn.com/apis/site/v2/sports/basketball/mens-college-basketball/scoreboard
2025-11-04 19:25:16,154 - INFO - Found 1 completed games for 20221227
2025-11-04 19:25:16,156 - INFO - Fetching: https://site.api.espn.com/apis/site/v2/sports/basketball/mens-college-basketball/scoreboard
2025-11-04 19:25:17,270 - INFO - Found 13 completed games for 20221228
2025-11-04 19:25:17,272 - INFO - Fetching: https://site.api.espn.com/apis/site/v2/sports/basketball/mens-college-basketball/scoreboard
2025-11-04 19:25:18,377 - INFO - Found 1 completed games for 20221229
2025-11-04 19:25:18,379 - INFO - Fetching: https://site.api.espn.com/apis/site/v2/sports/basketball/mens-college-basketball/scoreboard
2025-11-04 19:25:19,488 - INFO - Found 4 completed games for 20221230
2025-11-04 19:25:19,489 - INFO - Fetching: https://site.api.espn.com/apis/site/v2/sports/basketball/mens-college-basketball/scoreboard
2025-11-04 19:25:20,597 - INFO - Found 13 completed games for 20221231
2025-11-04 19:25:20,599 - INFO - Fetching: https://site.api.espn.com/apis/site/v2/sports/basketball/mens-college-basketball/scoreboard
2025-11-04 19:25:21,706 - INFO - Found 1 completed games for 20230101
2025-11-04 19:25:21,708 - INFO - Fetching: https://site.api.espn.com/apis/site/v2/sports/basketball/mens-college-basketball/scoreboard
2025-11-04 19:25:22,806 - INFO - Found 1 completed games for 20230102
2025-11-04 19:25:22,808 - INFO - Fetching: https://site.api.espn.com/apis/site/v2/sports/basketball/mens-college-basketball/scoreboard
2025-11-04 19:25:23,934 - INFO - Found 7 completed games for 20230103
2025-11-04 19:25:23,936 - INFO - Fetching: https://site.api.espn.com/apis/site/v2/sports/basketball/mens-college-basketball/scoreboard
2025-11-04 19:25:26,403 - INFO - Found 8 completed games for 20230104
2025-11-04 19:25:26,405 - INFO - Fetching: https://site.api.espn.com/apis/site/v2/sports/basketball/mens-college-basketball/scoreboard
2025-11-04 19:25:27,520 - INFO - Found 6 completed games for 20230105
2025-11-04 19:25:27,521 - INFO - Fetching: https://site.api.espn.com/apis/site/v2/sports/basketball/mens-college-basketball/scoreboard
2025-11-04 19:25:28,715 - INFO - Found 14 completed games for 20230106
2025-11-04 19:25:28,717 - INFO - Fetching: https://site.api.espn.com/apis/site/v2/sports/basketball/mens-college-basketball/scoreboard
2025-11-04 19:25:29,855 - INFO - Found 17 completed games for 20230107
2025-11-04 19:25:29,857 - INFO - Fetching: https://site.api.espn.com/apis/site/v2/sports/basketball/mens-college-basketball/scoreboard
2025-11-04 19:25:30,985 - INFO - Found 3 completed games for 20230108
2025-11-04 19:25:30,987 - INFO - Fetching: https://site.api.espn.com/apis/site/v2/sports/basketball/mens-college-basketball/scoreboard
2025-11-04 19:25:32,088 - INFO - Found 14 completed games for 20230109
2025-11-04 19:25:32,090 - INFO - Fetching: https://site.api.espn.com/apis/site/v2/sports/basketball/mens-college-basketball/scoreboard
2025-11-04 19:25:33,202 - INFO - Found 8 completed games for 20230110
2025-11-04 19:25:33,204 - INFO - Fetching: https://site.api.espn.com/apis/site/v2/sports/basketball/mens-college-basketball/scoreboard
2025-11-04 19:25:34,301 - INFO - Found 9 completed games for 20230111
2025-11-04 19:25:34,303 - INFO - Fetching: https://site.api.espn.com/apis/site/v2/sports/basketball/mens-college-basketball/scoreboard
2025-11-04 19:25:35,425 - INFO - Found 3 completed games for 20230112
2025-11-04 19:25:35,427 - INFO - Fetching: https://site.api.espn.com/apis/site/v2/sports/basketball/mens-college-basketball/scoreboard
2025-11-04 19:25:36,512 - INFO - Found 1 completed games for 20230113
2025-11-04 19:25:36,514 - INFO - Fetching: https://site.api.espn.com/apis/site/v2/sports/basketball/mens-college-basketball/scoreboard
2025-11-04 19:25:37,927 - INFO - Found 17 completed games for 20230114
2025-11-04 19:25:37,929 - INFO - Fetching: https://site.api.espn.com/apis/site/v2/sports/basketball/mens-college-basketball/scoreboard
2025-11-04 19:25:39,035 - INFO - Found 2 completed games for 20230115
2025-11-04 19:25:39,037 - INFO - Fetching: https://site.api.espn.com/apis/site/v2/sports/basketball/mens-college-basketball/scoreboard
2025-11-04 19:25:40,146 - INFO - Found 4 completed games for 20230116
2025-11-04 19:25:40,148 - INFO - Fetching: https://site.api.espn.com/apis/site/v2/sports/basketball/mens-college-basketball/scoreboard
2025-11-04 19:25:41,368 - INFO - Found 7 completed games for 20230117
2025-11-04 19:25:41,370 - INFO - Fetching: https://site.api.espn.com/apis/site/v2/sports/basketball/mens-college-basketball/scoreboard
2025-11-04 19:25:42,851 - INFO - Found 7 completed games for 20230118
2025-11-04 19:25:42,853 - INFO - Fetching: https://site.api.espn.com/apis/site/v2/sports/basketball/mens-college-basketball/scoreboard
2025-11-04 19:25:44,107 - INFO - Found 7 completed games for 20230119
2025-11-04 19:25:44,109 - INFO - Fetching: https://site.api.espn.com/apis/site/v2/sports/basketball/mens-college-basketball/scoreboard
2025-11-04 19:25:45,211 - INFO - Found 14 completed games for 20230120
2025-11-04 19:25:45,213 - INFO - Fetching: https://site.api.espn.com/apis/site/v2/sports/basketball/mens-college-basketball/scoreboard
2025-11-04 19:25:46,315 - INFO - Found 19 completed games for 20230121
2025-11-04 19:25:46,318 - INFO - Fetching: https://site.api.espn.com/apis/site/v2/sports/basketball/mens-college-basketball/scoreboard
2025-11-04 19:25:47,417 - INFO - Found 3 completed games for 20230122
2025-11-04 19:25:47,419 - INFO - Fetching: https://site.api.espn.com/apis/site/v2/sports/basketball/mens-college-basketball/scoreboard
2025-11-04 19:25:48,511 - INFO - Found 2 completed games for 20230123
2025-11-04 19:25:48,513 - INFO - Fetching: https://site.api.espn.com/apis/site/v2/sports/basketball/mens-college-basketball/scoreboard
2025-11-04 19:25:49,600 - INFO - Found 5 completed games for 20230124
2025-11-04 19:25:49,602 - INFO - Fetching: https://site.api.espn.com/apis/site/v2/sports/basketball/mens-college-basketball/scoreboard
2025-11-04 19:25:50,729 - INFO - Found 6 completed games for 20230125
2025-11-04 19:25:50,731 - INFO - Fetching: https://site.api.espn.com/apis/site/v2/sports/basketball/mens-college-basketball/scoreboard
2025-11-04 19:25:51,840 - INFO - Found 4 completed games for 20230126
2025-11-04 19:25:51,842 - INFO - Fetching: https://site.api.espn.com/apis/site/v2/sports/basketball/mens-college-basketball/scoreboard
2025-11-04 19:25:52,958 - INFO - Found 1 completed games for 20230127
2025-11-04 19:25:52,959 - INFO - Fetching: https://site.api.espn.com/apis/site/v2/sports/basketball/mens-college-basketball/scoreboard
2025-11-04 19:25:54,077 - INFO - Found 11 completed games for 20230128
2025-11-04 19:25:54,079 - INFO - Fetching: https://site.api.espn.com/apis/site/v2/sports/basketball/mens-college-basketball/scoreboard
2025-11-04 19:25:55,274 - INFO - Found 2 completed games for 20230129
2025-11-04 19:25:55,275 - INFO - Fetching: https://site.api.espn.com/apis/site/v2/sports/basketball/mens-college-basketball/scoreboard
2025-11-04 19:25:57,777 - INFO - Found 3 completed games for 20230130
2025-11-04 19:25:57,779 - INFO - Fetching: https://site.api.espn.com/apis/site/v2/sports/basketball/mens-college-basketball/scoreboard
2025-11-04 19:25:58,938 - INFO - Found 8 completed games for 20230131
2025-11-04 19:25:58,940 - INFO - Fetching: https://site.api.espn.com/apis/site/v2/sports/basketball/mens-college-basketball/scoreboard
2025-11-04 19:26:00,152 - INFO - Found 4 completed games for 20230201
2025-11-04 19:26:00,153 - INFO - Fetching: https://site.api.espn.com/apis/site/v2/sports/basketball/mens-college-basketball/scoreboard
2025-11-04 19:26:01,243 - INFO - Found 6 completed games for 20230202
2025-11-04 19:26:01,245 - INFO - Fetching: https://site.api.espn.com/apis/site/v2/sports/basketball/mens-college-basketball/scoreboard
2025-11-04 19:26:02,356 - INFO - Found 1 completed games for 20230203
2025-11-04 19:26:02,357 - INFO - Fetching: https://site.api.espn.com/apis/site/v2/sports/basketball/mens-college-basketball/scoreboard
2025-11-04 19:26:03,494 - INFO - Found 16 completed games for 20230204
2025-11-04 19:26:03,496 - INFO - Fetching: https://site.api.espn.com/apis/site/v2/sports/basketball/mens-college-basketball/scoreboard
2025-11-04 19:26:04,624 - INFO - Found 1 completed games for 20230205
2025-11-04 19:26:04,626 - INFO - Fetching: https://site.api.espn.com/apis/site/v2/sports/basketball/mens-college-basketball/scoreboard
2025-11-04 19:26:05,724 - INFO - Found 2 completed games for 20230206
2025-11-04 19:26:05,726 - INFO - Fetching: https://site.api.espn.com/apis/site/v2/sports/basketball/mens-college-basketball/scoreboard
2025-11-04 19:26:06,826 - INFO - Found 4 completed games for 20230207
2025-11-04 19:26:06,828 - INFO - Fetching: https://site.api.espn.com/apis/site/v2/sports/basketball/mens-college-basketball/scoreboard
2025-11-04 19:26:07,979 - INFO - Found 8 completed games for 20230208
2025-11-04 19:26:07,982 - INFO - Fetching: https://site.api.espn.com/apis/site/v2/sports/basketball/mens-college-basketball/scoreboard
2025-11-04 19:26:09,067 - INFO - Found 5 completed games for 20230209
2025-11-04 19:26:09,068 - INFO - Fetching: https://site.api.espn.com/apis/site/v2/sports/basketball/mens-college-basketball/scoreboard
2025-11-04 19:26:10,157 - INFO - Found 1 completed games for 20230210
2025-11-04 19:26:10,158 - INFO - Fetching: https://site.api.espn.com/apis/site/v2/sports/basketball/mens-college-basketball/scoreboard
2025-11-04 19:26:11,319 - INFO - Found 19 completed games for 20230211
2025-11-04 19:26:11,321 - INFO - Fetching: https://site.api.espn.com/apis/site/v2/sports/basketball/mens-college-basketball/scoreboard
2025-11-04 19:26:12,421 - INFO - Found 1 completed games for 20230212
2025-11-04 19:26:12,423 - INFO - Fetching: https://site.api.espn.com/apis/site/v2/sports/basketball/mens-college-basketball/scoreboard
2025-11-04 19:26:13,547 - INFO - Found 3 completed games for 20230213
2025-11-04 19:26:13,549 - INFO - Fetching: https://site.api.espn.com/apis/site/v2/sports/basketball/mens-college-basketball/scoreboard
2025-11-04 19:26:14,640 - INFO - Found 4 completed games for 20230214
2025-11-04 19:26:14,642 - INFO - Fetching: https://site.api.espn.com/apis/site/v2/sports/basketball/mens-college-basketball/scoreboard
2025-11-04 19:26:15,736 - INFO - Found 6 completed games for 20230215
2025-11-04 19:26:15,738 - INFO - Fetching: https://site.api.espn.com/apis/site/v2/sports/basketball/mens-college-basketball/scoreboard
2025-11-04 19:26:16,865 - INFO - Found 7 completed games for 20230216
2025-11-04 19:26:16,867 - INFO - Fetching: https://site.api.espn.com/apis/site/v2/sports/basketball/mens-college-basketball/scoreboard
2025-11-04 19:26:18,147 - INFO - Found 19 completed games for 20230217
2025-11-04 19:26:18,151 - INFO - Fetching: https://site.api.espn.com/apis/site/v2/sports/basketball/mens-college-basketball/scoreboard
2025-11-04 19:26:19,262 - INFO - Found 17 completed games for 20230218
2025-11-04 19:26:19,264 - INFO - Fetching: https://site.api.espn.com/apis/site/v2/sports/basketball/mens-college-basketball/scoreboard
2025-11-04 19:26:20,378 - INFO - Found 3 completed games for 20230219
2025-11-04 19:26:20,380 - INFO - Fetching: https://site.api.espn.com/apis/site/v2/sports/basketball/mens-college-basketball/scoreboard
2025-11-04 19:26:21,469 - INFO - Found 1 completed games for 20230220
2025-11-04 19:26:21,471 - INFO - Fetching: https://site.api.espn.com/apis/site/v2/sports/basketball/mens-college-basketball/scoreboard
2025-11-04 19:26:22,608 - INFO - Found 8 completed games for 20230221
2025-11-04 19:26:22,610 - INFO - Fetching: https://site.api.espn.com/apis/site/v2/sports/basketball/mens-college-basketball/scoreboard
2025-11-04 19:26:23,727 - INFO - Found 4 completed games for 20230222
2025-11-04 19:26:23,729 - INFO - Fetching: https://site.api.espn.com/apis/site/v2/sports/basketball/mens-college-basketball/scoreboard
2025-11-04 19:26:25,127 - INFO - Found 4 completed games for 20230223
2025-11-04 19:26:25,128 - INFO - Fetching: https://site.api.espn.com/apis/site/v2/sports/basketball/mens-college-basketball/scoreboard
2025-11-04 19:26:26,227 - INFO - Found 1 completed games for 20230224
2025-11-04 19:26:26,229 - INFO - Fetching: https://site.api.espn.com/apis/site/v2/sports/basketball/mens-college-basketball/scoreboard
2025-11-04 19:26:28,672 - INFO - Found 18 completed games for 20230225
2025-11-04 19:26:28,674 - INFO - Fetching: https://site.api.espn.com/apis/site/v2/sports/basketball/mens-college-basketball/scoreboard
2025-11-04 19:26:29,797 - INFO - Found 3 completed games for 20230226
2025-11-04 19:26:29,798 - INFO - Fetching: https://site.api.espn.com/apis/site/v2/sports/basketball/mens-college-basketball/scoreboard
2025-11-04 19:26:30,905 - INFO - Found 1 completed games for 20230227
2025-11-04 19:26:30,907 - INFO - Fetching: https://site.api.espn.com/apis/site/v2/sports/basketball/mens-college-basketball/scoreboard
2025-11-04 19:26:32,008 - INFO - Found 7 completed games for 20230228
2025-11-04 19:26:32,010 - INFO - Fetching: https://site.api.espn.com/apis/site/v2/sports/basketball/mens-college-basketball/scoreboard
2025-11-04 19:26:33,358 - INFO - Found 9 completed games for 20230301
2025-11-04 19:26:33,360 - INFO - Fetching: https://site.api.espn.com/apis/site/v2/sports/basketball/mens-college-basketball/scoreboard
2025-11-04 19:26:34,910 - INFO - Found 4 completed games for 20230302
2025-11-04 19:26:34,912 - INFO - Fetching: https://site.api.espn.com/apis/site/v2/sports/basketball/mens-college-basketball/scoreboard
2025-11-04 19:26:36,044 - INFO - Found 32 completed games for 20230303
2025-11-04 19:26:36,047 - INFO - Fetching: https://site.api.espn.com/apis/site/v2/sports/basketball/mens-college-basketball/scoreboard
2025-11-04 19:26:37,227 - INFO - Found 15 completed games for 20230304
2025-11-04 19:26:37,229 - INFO - Fetching: https://site.api.espn.com/apis/site/v2/sports/basketball/mens-college-basketball/scoreboard
2025-11-04 19:26:38,331 - INFO - Found 4 completed games for 20230305
2025-11-04 19:26:38,332 - INFO - Fetching: https://site.api.espn.com/apis/site/v2/sports/basketball/mens-college-basketball/scoreboard
2025-11-04 19:26:39,444 - INFO - Found 14 completed games for 20230306
2025-11-04 19:26:39,447 - INFO - Fetching: https://site.api.espn.com/apis/site/v2/sports/basketball/mens-college-basketball/scoreboard
2025-11-04 19:26:40,638 - INFO - Found 26 completed games for 20230307
2025-11-04 19:26:40,641 - INFO - Fetching: https://site.api.espn.com/apis/site/v2/sports/basketball/mens-college-basketball/scoreboard
2025-11-04 19:26:41,765 - INFO - Found 36 completed games for 20230308
2025-11-04 19:26:41,769 - INFO - Fetching: https://site.api.espn.com/apis/site/v2/sports/basketball/mens-college-basketball/scoreboard
2025-11-04 19:26:42,902 - INFO - Found 57 completed games for 20230309
2025-11-04 19:26:42,910 - INFO - Fetching: https://site.api.espn.com/apis/site/v2/sports/basketball/mens-college-basketball/scoreboard
2025-11-04 19:26:44,431 - INFO - Found 36 completed games for 20230310
2025-11-04 19:26:44,436 - INFO - Fetching: https://site.api.espn.com/apis/site/v2/sports/basketball/mens-college-basketball/scoreboard
2025-11-04 19:26:45,608 - INFO - Found 23 completed games for 20230311
2025-11-04 19:26:45,611 - INFO - Fetching: https://site.api.espn.com/apis/site/v2/sports/basketball/mens-college-basketball/scoreboard
2025-11-04 19:26:46,761 - INFO - Found 5 completed games for 20230312
2025-11-04 19:26:46,763 - INFO - Fetching: https://site.api.espn.com/apis/site/v2/sports/basketball/mens-college-basketball/scoreboard
2025-11-04 19:26:47,862 - INFO - Found 0 completed games for 20230313
2025-11-04 19:26:47,863 - INFO - Fetching: https://site.api.espn.com/apis/site/v2/sports/basketball/mens-college-basketball/scoreboard
2025-11-04 19:26:48,964 - INFO - Found 2 completed games for 20230314
2025-11-04 19:26:48,965 - INFO - Fetching: https://site.api.espn.com/apis/site/v2/sports/basketball/mens-college-basketball/scoreboard
2025-11-04 19:26:50,064 - INFO - Found 2 completed games for 20230315
2025-11-04 19:26:50,066 - INFO - Fetching: https://site.api.espn.com/apis/site/v2/sports/basketball/mens-college-basketball/scoreboard
2025-11-04 19:26:51,166 - INFO - Found 16 completed games for 20230316
2025-11-04 19:26:51,169 - INFO - Fetching: https://site.api.espn.com/apis/site/v2/sports/basketball/mens-college-basketball/scoreboard
2025-11-04 19:26:52,271 - INFO - Found 16 completed games for 20230317
2025-11-04 19:26:52,273 - INFO - Fetching: https://site.api.espn.com/apis/site/v2/sports/basketball/mens-college-basketball/scoreboard
2025-11-04 19:26:53,381 - INFO - Found 8 completed games for 20230318
2025-11-04 19:26:53,382 - INFO - Fetching: https://site.api.espn.com/apis/site/v2/sports/basketball/mens-college-basketball/scoreboard
2025-11-04 19:26:54,492 - INFO - Found 8 completed games for 20230319
2025-11-04 19:26:54,494 - INFO - Fetching: https://site.api.espn.com/apis/site/v2/sports/basketball/mens-college-basketball/scoreboard
2025-11-04 19:26:55,641 - INFO - Found 0 completed games for 20230320
2025-11-04 19:26:55,643 - INFO - Fetching: https://site.api.espn.com/apis/site/v2/sports/basketball/mens-college-basketball/scoreboard
2025-11-04 19:26:56,738 - INFO - Found 0 completed games for 20230321
2025-11-04 19:26:56,739 - INFO - Fetching: https://site.api.espn.com/apis/site/v2/sports/basketball/mens-college-basketball/scoreboard
2025-11-04 19:26:57,844 - INFO - Found 0 completed games for 20230322
2025-11-04 19:26:57,846 - INFO - Fetching: https://site.api.espn.com/apis/site/v2/sports/basketball/mens-college-basketball/scoreboard
2025-11-04 19:27:00,298 - INFO - Found 4 completed games for 20230323
2025-11-04 19:27:00,300 - INFO - Fetching: https://site.api.espn.com/apis/site/v2/sports/basketball/mens-college-basketball/scoreboard
2025-11-04 19:27:01,408 - INFO - Found 4 completed games for 20230324
2025-11-04 19:27:01,410 - INFO - Fetching: https://site.api.espn.com/apis/site/v2/sports/basketball/mens-college-basketball/scoreboard
2025-11-04 19:27:02,549 - INFO - Found 2 completed games for 20230325
2025-11-04 19:27:02,551 - INFO - Fetching: https://site.api.espn.com/apis/site/v2/sports/basketball/mens-college-basketball/scoreboard
2025-11-04 19:27:03,830 - INFO - Found 2 completed games for 20230326
2025-11-04 19:27:03,832 - INFO - Fetching: https://site.api.espn.com/apis/site/v2/sports/basketball/mens-college-basketball/scoreboard
2025-11-04 19:27:04,921 - INFO - Found 0 completed games for 20230327
2025-11-04 19:27:04,923 - INFO - Fetching: https://site.api.espn.com/apis/site/v2/sports/basketball/mens-college-basketball/scoreboard
2025-11-04 19:27:06,073 - INFO - Found 0 completed games for 20230328
2025-11-04 19:27:06,075 - INFO - Fetching: https://site.api.espn.com/apis/site/v2/sports/basketball/mens-college-basketball/scoreboard
2025-11-04 19:27:07,228 - INFO - Found 0 completed games for 20230329
2025-11-04 19:27:07,229 - INFO - Fetching: https://site.api.espn.com/apis/site/v2/sports/basketball/mens-college-basketball/scoreboard
2025-11-04 19:27:08,320 - INFO - Found 0 completed games for 20230330
2025-11-04 19:27:08,322 - INFO - Fetching: https://site.api.espn.com/apis/site/v2/sports/basketball/mens-college-basketball/scoreboard
2025-11-04 19:27:09,431 - INFO - Found 0 completed games for 20230331
2025-11-04 19:27:09,432 - INFO - Fetching: https://site.api.espn.com/apis/site/v2/sports/basketball/mens-college-basketball/scoreboard
2025-11-04 19:27:10,539 - INFO - Found 2 completed games for 20230401
2025-11-04 19:27:10,540 - INFO - Fetching: https://site.api.espn.com/apis/site/v2/sports/basketball/mens-college-basketball/scoreboard
2025-11-04 19:27:11,722 - INFO - Found 0 completed games for 20230402
2025-11-04 19:27:11,723 - INFO - Fetching: https://site.api.espn.com/apis/site/v2/sports/basketball/mens-college-basketball/scoreboard
2025-11-04 19:27:12,824 - INFO - Found 1 completed games for 20230403
2025-11-04 19:27:12,826 - INFO - Fetching: https://site.api.espn.com/apis/site/v2/sports/basketball/mens-college-basketball/scoreboard
2025-11-04 19:27:14,054 - INFO - Found 0 completed games for 20230404
2025-11-04 19:27:14,055 - INFO - Fetching: https://site.api.espn.com/apis/site/v2/sports/basketball/mens-college-basketball/scoreboard
2025-11-04 19:27:15,156 - INFO - Found 0 completed games for 20230405
2025-11-04 19:27:15,157 - INFO - Fetching: https://site.api.espn.com/apis/site/v2/sports/basketball/mens-college-basketball/scoreboard
2025-11-04 19:27:16,280 - INFO - Found 0 completed games for 20230406
2025-11-04 19:27:16,281 - INFO - Fetching: https://site.api.espn.com/apis/site/v2/sports/basketball/mens-college-basketball/scoreboard
2025-11-04 19:27:17,379 - INFO - Found 0 completed games for 20230407
2025-11-04 19:27:17,380 - INFO - Fetching: https://site.api.espn.com/apis/site/v2/sports/basketball/mens-college-basketball/scoreboard
2025-11-04 19:27:18,499 - INFO - Found 0 completed games for 20230408
2025-11-04 19:27:18,501 - INFO - Fetching: https://site.api.espn.com/apis/site/v2/sports/basketball/mens-college-basketball/scoreboard
2025-11-04 19:27:19,624 - INFO - Found 0 completed games for 20230409
2025-11-04 19:27:19,625 - INFO - Fetching: https://site.api.espn.com/apis/site/v2/sports/basketball/mens-college-basketball/scoreboard
2025-11-04 19:27:20,910 - INFO - Found 0 completed games for 20230410
2025-11-04 19:27:20,911 - INFO - Fetching: https://site.api.espn.com/apis/site/v2/sports/basketball/mens-college-basketball/scoreboard
2025-11-04 19:27:21,997 - INFO - Found 0 completed games for 20230411
2025-11-04 19:27:21,999 - INFO - Fetching: https://site.api.espn.com/apis/site/v2/sports/basketball/mens-college-basketball/scoreboard
2025-11-04 19:27:23,117 - INFO - Found 0 completed games for 20230412
2025-11-04 19:27:23,118 - INFO - Fetching: https://site.api.espn.com/apis/site/v2/sports/basketball/mens-college-basketball/scoreboard
2025-11-04 19:27:24,468 - INFO - Found 0 completed games for 20230413
2025-11-04 19:27:24,469 - INFO - Fetching: https://site.api.espn.com/apis/site/v2/sports/basketball/mens-college-basketball/scoreboard
2025-11-04 19:27:25,598 - INFO - Found 0 completed games for 20230414
2025-11-04 19:27:25,599 - INFO - Fetching: https://site.api.espn.com/apis/site/v2/sports/basketball/mens-college-basketball/scoreboard
2025-11-04 19:27:26,705 - INFO - Found 0 completed games for 20230415
2025-11-04 19:27:26,706 - INFO - Fetching: https://site.api.espn.com/apis/site/v2/sports/basketball/mens-college-basketball/scoreboard
2025-11-04 19:27:27,817 - INFO - Found 0 completed games for 20230416
2025-11-04 19:27:27,819 - INFO - Fetching: https://site.api.espn.com/apis/site/v2/sports/basketball/mens-college-basketball/scoreboard
2025-11-04 19:27:28,923 - INFO - Found 0 completed games for 20230417
2025-11-04 19:27:28,924 - INFO - Fetching: https://site.api.espn.com/apis/site/v2/sports/basketball/mens-college-basketball/scoreboard
2025-11-04 19:27:31,356 - INFO - Found 0 completed games for 20230418
2025-11-04 19:27:31,357 - INFO - Fetching: https://site.api.espn.com/apis/site/v2/sports/basketball/mens-college-basketball/scoreboard
2025-11-04 19:27:32,663 - INFO - Found 0 completed games for 20230419
2025-11-04 19:27:32,664 - INFO - Fetching: https://site.api.espn.com/apis/site/v2/sports/basketball/mens-college-basketball/scoreboard
2025-11-04 19:27:33,761 - INFO - Found 0 completed games for 20230420
2025-11-04 19:27:33,762 - INFO - Fetching: https://site.api.espn.com/apis/site/v2/sports/basketball/mens-college-basketball/scoreboard
2025-11-04 19:27:35,125 - INFO - Found 0 completed games for 20230421
2025-11-04 19:27:35,127 - INFO - Fetching: https://site.api.espn.com/apis/site/v2/sports/basketball/mens-college-basketball/scoreboard
2025-11-04 19:27:36,239 - INFO - Found 0 completed games for 20230422
2025-11-04 19:27:36,240 - INFO - Fetching: https://site.api.espn.com/apis/site/v2/sports/basketball/mens-college-basketball/scoreboard
2025-11-04 19:27:37,364 - INFO - Found 0 completed games for 20230423
2025-11-04 19:27:37,365 - INFO - Fetching: https://site.api.espn.com/apis/site/v2/sports/basketball/mens-college-basketball/scoreboard
2025-11-04 19:27:38,745 - INFO - Found 0 completed games for 20230424
2025-11-04 19:27:38,746 - INFO - Fetching: https://site.api.espn.com/apis/site/v2/sports/basketball/mens-college-basketball/scoreboard
2025-11-04 19:27:39,863 - INFO - Found 0 completed games for 20230425
2025-11-04 19:27:39,864 - INFO - Fetching: https://site.api.espn.com/apis/site/v2/sports/basketball/mens-college-basketball/scoreboard
2025-11-04 19:27:41,011 - INFO - Found 0 completed games for 20230426
2025-11-04 19:27:41,012 - INFO - Fetching: https://site.api.espn.com/apis/site/v2/sports/basketball/mens-college-basketball/scoreboard
2025-11-04 19:27:42,159 - INFO - Found 0 completed games for 20230427
2025-11-04 19:27:42,160 - INFO - Fetching: https://site.api.espn.com/apis/site/v2/sports/basketball/mens-college-basketball/scoreboard
2025-11-04 19:27:43,276 - INFO - Found 0 completed games for 20230428
2025-11-04 19:27:43,277 - INFO - Fetching: https://site.api.espn.com/apis/site/v2/sports/basketball/mens-college-basketball/scoreboard
2025-11-04 19:27:44,380 - INFO - Found 0 completed games for 20230429
2025-11-04 19:27:44,382 - INFO - Fetching: https://site.api.espn.com/apis/site/v2/sports/basketball/mens-college-basketball/scoreboard
2025-11-04 19:27:45,522 - INFO - Found 0 completed games for 20230430
2025-11-04 19:27:45,720 - INFO - Saved 1175 games to database
2025-11-04 19:27:46,551 - INFO - Calculated stats for 416 teams
2025-11-04 19:27:46,633 - INFO - Saved 416 team stats to database
2025-11-04 19:27:46,633 - INFO - Completed scrape for 2023 season
2025-11-04 19:27:48,634 - INFO - Starting full scrape for 2024 season
2025-11-04 19:27:48,635 - INFO - Scraping 2024 season from 2023-11-01 to 2024-04-30
2025-11-04 19:27:48,635 - INFO - Fetching: https://site.api.espn.com/apis/site/v2/sports/basketball/mens-college-basketball/scoreboard
2025-11-04 19:27:49,741 - INFO - Found 0 completed games for 20231101
2025-11-04 19:27:49,742 - INFO - Fetching: https://site.api.espn.com/apis/site/v2/sports/basketball/mens-college-basketball/scoreboard
2025-11-04 19:27:50,862 - INFO - Found 0 completed games for 20231102
2025-11-04 19:27:50,864 - INFO - Fetching: https://site.api.espn.com/apis/site/v2/sports/basketball/mens-college-basketball/scoreboard
2025-11-04 19:27:51,981 - INFO - Found 0 completed games for 20231103
2025-11-04 19:27:51,983 - INFO - Fetching: https://site.api.espn.com/apis/site/v2/sports/basketball/mens-college-basketball/scoreboard
2025-11-04 19:27:53,098 - INFO - Found 0 completed games for 20231104
2025-11-04 19:27:53,099 - INFO - Fetching: https://site.api.espn.com/apis/site/v2/sports/basketball/mens-college-basketball/scoreboard
2025-11-04 19:27:54,534 - INFO - Found 0 completed games for 20231105
2025-11-04 19:27:54,535 - INFO - Fetching: https://site.api.espn.com/apis/site/v2/sports/basketball/mens-college-basketball/scoreboard
2025-11-04 19:27:55,694 - INFO - Found 21 completed games for 20231106
2025-11-04 19:27:55,696 - INFO - Fetching: https://site.api.espn.com/apis/site/v2/sports/basketball/mens-college-basketball/scoreboard
2025-11-04 19:27:56,814 - INFO - Found 2 completed games for 20231107
2025-11-04 19:27:56,816 - INFO - Fetching: https://site.api.espn.com/apis/site/v2/sports/basketball/mens-college-basketball/scoreboard
2025-11-04 19:27:57,916 - INFO - Found 1 completed games for 20231108
2025-11-04 19:27:57,918 - INFO - Fetching: https://site.api.espn.com/apis/site/v2/sports/basketball/mens-college-basketball/scoreboard
2025-11-04 19:27:59,027 - INFO - Found 4 completed games for 20231109
2025-11-04 19:27:59,029 - INFO - Fetching: https://site.api.espn.com/apis/site/v2/sports/basketball/mens-college-basketball/scoreboard
2025-11-04 19:28:00,192 - INFO - Found 15 completed games for 20231110
2025-11-04 19:28:00,195 - INFO - Fetching: https://site.api.espn.com/apis/site/v2/sports/basketball/mens-college-basketball/scoreboard
2025-11-04 19:28:02,657 - INFO - Found 3 completed games for 20231111
2025-11-04 19:28:02,659 - INFO - Fetching: https://site.api.espn.com/apis/site/v2/sports/basketball/mens-college-basketball/scoreboard
2025-11-04 19:28:04,038 - INFO - Found 3 completed games for 20231112
2025-11-04 19:28:04,040 - INFO - Fetching: https://site.api.espn.com/apis/site/v2/sports/basketball/mens-college-basketball/scoreboard
2025-11-04 19:28:05,283 - INFO - Found 6 completed games for 20231113
2025-11-04 19:28:05,285 - INFO - Fetching: https://site.api.espn.com/apis/site/v2/sports/basketball/mens-college-basketball/scoreboard
2025-11-04 19:28:06,455 - INFO - Found 13 completed games for 20231114
2025-11-04 19:28:06,457 - INFO - Fetching: https://site.api.espn.com/apis/site/v2/sports/basketball/mens-college-basketball/scoreboard
2025-11-04 19:28:07,564 - INFO - Found 1 completed games for 20231115
2025-11-04 19:28:07,566 - INFO - Fetching: https://site.api.espn.com/apis/site/v2/sports/basketball/mens-college-basketball/scoreboard
2025-11-04 19:28:08,677 - INFO - Found 1 completed games for 20231116
2025-11-04 19:28:08,678 - INFO - Fetching: https://site.api.espn.com/apis/site/v2/sports/basketball/mens-college-basketball/scoreboard
2025-11-04 19:28:09,767 - INFO - Found 13 completed games for 20231117
2025-11-04 19:28:09,770 - INFO - Fetching: https://site.api.espn.com/apis/site/v2/sports/basketball/mens-college-basketball/scoreboard
2025-11-04 19:28:10,865 - INFO - Found 2 completed games for 20231118
2025-11-04 19:28:10,867 - INFO - Fetching: https://site.api.espn.com/apis/site/v2/sports/basketball/mens-college-basketball/scoreboard
2025-11-04 19:28:11,983 - INFO - Found 8 completed games for 20231119
2025-11-04 19:28:11,985 - INFO - Fetching: https://site.api.espn.com/apis/site/v2/sports/basketball/mens-college-basketball/scoreboard
2025-11-04 19:28:13,128 - INFO - Found 8 completed games for 20231120
2025-11-04 19:28:13,130 - INFO - Fetching: https://site.api.espn.com/apis/site/v2/sports/basketball/mens-college-basketball/scoreboard
2025-11-04 19:28:14,340 - INFO - Found 6 completed games for 20231121
2025-11-04 19:28:14,342 - INFO - Fetching: https://site.api.espn.com/apis/site/v2/sports/basketball/mens-college-basketball/scoreboard
2025-11-04 19:28:15,526 - INFO - Found 9 completed games for 20231122
2025-11-04 19:28:15,528 - INFO - Fetching: https://site.api.espn.com/apis/site/v2/sports/basketball/mens-college-basketball/scoreboard
2025-11-04 19:28:16,640 - INFO - Found 7 completed games for 20231123
2025-11-04 19:28:16,642 - INFO - Fetching: https://site.api.espn.com/apis/site/v2/sports/basketball/mens-college-basketball/scoreboard
2025-11-04 19:28:17,745 - INFO - Found 10 completed games for 20231124
2025-11-04 19:28:17,748 - INFO - Fetching: https://site.api.espn.com/apis/site/v2/sports/basketball/mens-college-basketball/scoreboard
2025-11-04 19:28:18,833 - INFO - Found 1 completed games for 20231125
2025-11-04 19:28:18,834 - INFO - Fetching: https://site.api.espn.com/apis/site/v2/sports/basketball/mens-college-basketball/scoreboard
2025-11-04 19:28:20,179 - INFO - Found 4 completed games for 20231126
2025-11-04 19:28:20,181 - INFO - Fetching: https://site.api.espn.com/apis/site/v2/sports/basketball/mens-college-basketball/scoreboard
2025-11-04 19:28:21,286 - INFO - Found 1 completed games for 20231127
2025-11-04 19:28:21,287 - INFO - Fetching: https://site.api.espn.com/apis/site/v2/sports/basketball/mens-college-basketball/scoreboard
2025-11-04 19:28:22,386 - INFO - Found 8 completed games for 20231128
2025-11-04 19:28:22,388 - INFO - Fetching: https://site.api.espn.com/apis/site/v2/sports/basketball/mens-college-basketball/scoreboard
2025-11-04 19:28:23,477 - INFO - Found 6 completed games for 20231129
2025-11-04 19:28:23,479 - INFO - Fetching: https://site.api.espn.com/apis/site/v2/sports/basketball/mens-college-basketball/scoreboard
2025-11-04 19:28:24,569 - INFO - Found 4 completed games for 20231130
2025-11-04 19:28:24,571 - INFO - Fetching: https://site.api.espn.com/apis/site/v2/sports/basketball/mens-college-basketball/scoreboard
2025-11-04 19:28:25,659 - INFO - Found 4 completed games for 20231201
2025-11-04 19:28:25,661 - INFO - Fetching: https://site.api.espn.com/apis/site/v2/sports/basketball/mens-college-basketball/scoreboard
2025-11-04 19:28:26,765 - INFO - Found 12 completed games for 20231202
2025-11-04 19:28:26,767 - INFO - Fetching: https://site.api.espn.com/apis/site/v2/sports/basketball/mens-college-basketball/scoreboard
2025-11-04 19:28:27,873 - INFO - Found 3 completed games for 20231203
2025-11-04 19:28:27,875 - INFO - Fetching: https://site.api.espn.com/apis/site/v2/sports/basketball/mens-college-basketball/scoreboard
2025-11-04 19:28:29,093 - INFO - Found 1 completed games for 20231204
2025-11-04 19:28:29,095 - INFO - Fetching: https://site.api.espn.com/apis/site/v2/sports/basketball/mens-college-basketball/scoreboard
2025-11-04 19:28:30,212 - INFO - Found 10 completed games for 20231205
2025-11-04 19:28:30,214 - INFO - Fetching: https://site.api.espn.com/apis/site/v2/sports/basketball/mens-college-basketball/scoreboard
2025-11-04 19:28:31,307 - INFO - Found 6 completed games for 20231206
2025-11-04 19:28:31,309 - INFO - Fetching: https://site.api.espn.com/apis/site/v2/sports/basketball/mens-college-basketball/scoreboard
2025-11-04 19:28:32,423 - INFO - Found 10 completed games for 20231207
2025-11-04 19:28:32,426 - INFO - Fetching: https://site.api.espn.com/apis/site/v2/sports/basketball/mens-college-basketball/scoreboard
2025-11-04 19:28:34,885 - INFO - Found 10 completed games for 20231208
2025-11-04 19:28:34,886 - INFO - Fetching: https://site.api.espn.com/apis/site/v2/sports/basketball/mens-college-basketball/scoreboard
2025-11-04 19:28:36,004 - INFO - Found 18 completed games for 20231209
2025-11-04 19:28:36,007 - INFO - Fetching: https://site.api.espn.com/apis/site/v2/sports/basketball/mens-college-basketball/scoreboard
2025-11-04 19:28:37,120 - INFO - Found 2 completed games for 20231210
2025-11-04 19:28:37,121 - INFO - Fetching: https://site.api.espn.com/apis/site/v2/sports/basketball/mens-college-basketball/scoreboard
2025-11-04 19:28:38,280 - INFO - Found 1 completed games for 20231211
2025-11-04 19:28:38,282 - INFO - Fetching: https://site.api.espn.com/apis/site/v2/sports/basketball/mens-college-basketball/scoreboard
2025-11-04 19:28:39,409 - INFO - Found 2 completed games for 20231212
2025-11-04 19:28:39,410 - INFO - Fetching: https://site.api.espn.com/apis/site/v2/sports/basketball/mens-college-basketball/scoreboard
2025-11-04 19:28:40,529 - INFO - Found 4 completed games for 20231213
2025-11-04 19:28:40,531 - INFO - Fetching: https://site.api.espn.com/apis/site/v2/sports/basketball/mens-college-basketball/scoreboard
2025-11-04 19:28:41,634 - INFO - Found 2 completed games for 20231214
2025-11-04 19:28:41,636 - INFO - Fetching: https://site.api.espn.com/apis/site/v2/sports/basketball/mens-college-basketball/scoreboard
2025-11-04 19:28:42,736 - INFO - Found 1 completed games for 20231215
2025-11-04 19:28:42,738 - INFO - Fetching: https://site.api.espn.com/apis/site/v2/sports/basketball/mens-college-basketball/scoreboard
2025-11-04 19:28:43,854 - INFO - Found 16 completed games for 20231216
2025-11-04 19:28:43,857 - INFO - Fetching: https://site.api.espn.com/apis/site/v2/sports/basketball/mens-college-basketball/scoreboard
2025-11-04 19:28:44,940 - INFO - Found 2 completed games for 20231217
2025-11-04 19:28:44,942 - INFO - Fetching: https://site.api.espn.com/apis/site/v2/sports/basketball/mens-college-basketball/scoreboard
2025-11-04 19:28:46,116 - INFO - Found 36 completed games for 20231218
2025-11-04 19:28:46,119 - INFO - Fetching: https://site.api.espn.com/apis/site/v2/sports/basketball/mens-college-basketball/scoreboard
2025-11-04 19:28:47,243 - INFO - Found 4 completed games for 20231219
2025-11-04 19:28:47,246 - INFO - Fetching: https://site.api.espn.com/apis/site/v2/sports/basketball/mens-college-basketball/scoreboard
2025-11-04 19:28:48,335 - INFO - Found 6 completed games for 20231220
2025-11-04 19:28:48,337 - INFO - Fetching: https://site.api.espn.com/apis/site/v2/sports/basketball/mens-college-basketball/scoreboard
2025-11-04 19:28:49,428 - INFO - Found 4 completed games for 20231221
2025-11-04 19:28:49,430 - INFO - Fetching: https://site.api.espn.com/apis/site/v2/sports/basketball/mens-college-basketball/scoreboard
2025-11-04 19:28:50,521 - INFO - Found 10 completed games for 20231222
2025-11-04 19:28:50,523 - INFO - Fetching: https://site.api.espn.com/apis/site/v2/sports/basketball/mens-college-basketball/scoreboard
2025-11-04 19:28:51,642 - INFO - Found 4 completed games for 20231223
2025-11-04 19:28:51,644 - INFO - Fetching: https://site.api.espn.com/apis/site/v2/sports/basketball/mens-college-basketball/scoreboard
2025-11-04 19:28:52,749 - INFO - Found 4 completed games for 20231224
2025-11-04 19:28:52,751 - INFO - Fetching: https://site.api.espn.com/apis/site/v2/sports/basketball/mens-college-basketball/scoreboard
2025-11-04 19:28:53,852 - INFO - Found 0 completed games for 20231225
2025-11-04 19:28:53,854 - INFO - Fetching: https://site.api.espn.com/apis/site/v2/sports/basketball/mens-college-basketball/scoreboard
2025-11-04 19:28:54,945 - INFO - Found 0 completed games for 20231226
2025-11-04 19:28:54,946 - INFO - Fetching: https://site.api.espn.com/apis/site/v2/sports/basketball/mens-college-basketball/scoreboard
2025-11-04 19:28:56,059 - INFO - Found 3 completed games for 20231227
2025-11-04 19:28:56,061 - INFO - Fetching: https://site.api.espn.com/apis/site/v2/sports/basketball/mens-college-basketball/scoreboard
2025-11-04 19:28:57,167 - INFO - Found 1 completed games for 20231228
2025-11-04 19:28:57,168 - INFO - Fetching: https://site.api.espn.com/apis/site/v2/sports/basketball/mens-college-basketball/scoreboard
2025-11-04 19:28:58,280 - INFO - Found 9 completed games for 20231229
2025-11-04 19:28:58,282 - INFO - Fetching: https://site.api.espn.com/apis/site/v2/sports/basketball/mens-college-basketball/scoreboard
2025-11-04 19:28:59,382 - INFO - Found 8 completed games for 20231230
2025-11-04 19:28:59,384 - INFO - Fetching: https://site.api.espn.com/apis/site/v2/sports/basketball/mens-college-basketball/scoreboard
2025-11-04 19:29:00,517 - INFO - Found 3 completed games for 20231231
2025-11-04 19:29:00,519 - INFO - Fetching: https://site.api.espn.com/apis/site/v2/sports/basketball/mens-college-basketball/scoreboard
2025-11-04 19:29:02,014 - INFO - Found 1 completed games for 20240101
2025-11-04 19:29:02,016 - INFO - Fetching: https://site.api.espn.com/apis/site/v2/sports/basketball/mens-college-basketball/scoreboard
2025-11-04 19:29:03,112 - INFO - Found 11 completed games for 20240102
2025-11-04 19:29:03,115 - INFO - Fetching: https://site.api.espn.com/apis/site/v2/sports/basketball/mens-college-basketball/scoreboard
2025-11-04 19:29:05,589 - INFO - Found 2 completed games for 20240103
2025-11-04 19:29:05,590 - INFO - Fetching: https://site.api.espn.com/apis/site/v2/sports/basketball/mens-college-basketball/scoreboard
2025-11-04 19:29:06,686 - INFO - Found 4 completed games for 20240104
2025-11-04 19:29:06,703 - INFO - Fetching: https://site.api.espn.com/apis/site/v2/sports/basketball/mens-college-basketball/scoreboard
2025-11-04 19:29:07,793 - INFO - Found 2 completed games for 20240105
2025-11-04 19:29:07,795 - INFO - Fetching: https://site.api.espn.com/apis/site/v2/sports/basketball/mens-college-basketball/scoreboard
2025-11-04 19:29:08,907 - INFO - Found 19 completed games for 20240106
2025-11-04 19:29:08,910 - INFO - Fetching: https://site.api.espn.com/apis/site/v2/sports/basketball/mens-college-basketball/scoreboard
2025-11-04 19:29:10,009 - INFO - Found 1 completed games for 20240107
2025-11-04 19:29:10,011 - INFO - Fetching: https://site.api.espn.com/apis/site/v2/sports/basketball/mens-college-basketball/scoreboard
2025-11-04 19:29:11,369 - INFO - Found 13 completed games for 20240108
2025-11-04 19:29:11,371 - INFO - Fetching: https://site.api.espn.com/apis/site/v2/sports/basketball/mens-college-basketball/scoreboard
2025-11-04 19:29:12,489 - INFO - Found 11 completed games for 20240109
2025-11-04 19:29:12,492 - INFO - Fetching: https://site.api.espn.com/apis/site/v2/sports/basketball/mens-college-basketball/scoreboard
2025-11-04 19:29:13,665 - INFO - Found 9 completed games for 20240110
2025-11-04 19:29:13,667 - INFO - Fetching: https://site.api.espn.com/apis/site/v2/sports/basketball/mens-college-basketball/scoreboard
2025-11-04 19:29:14,793 - INFO - Found 3 completed games for 20240111
2025-11-04 19:29:14,794 - INFO - Fetching: https://site.api.espn.com/apis/site/v2/sports/basketball/mens-college-basketball/scoreboard
2025-11-04 19:29:15,928 - INFO - Found 17 completed games for 20240112
2025-11-04 19:29:15,931 - INFO - Fetching: https://site.api.espn.com/apis/site/v2/sports/basketball/mens-college-basketball/scoreboard
2025-11-04 19:29:17,038 - INFO - Found 17 completed games for 20240113
2025-11-04 19:29:17,042 - INFO - Fetching: https://site.api.espn.com/apis/site/v2/sports/basketball/mens-college-basketball/scoreboard
2025-11-04 19:29:18,135 - INFO - Found 4 completed games for 20240114
2025-11-04 19:29:18,137 - INFO - Fetching: https://site.api.espn.com/apis/site/v2/sports/basketball/mens-college-basketball/scoreboard
2025-11-04 19:29:19,252 - INFO - Found 1 completed games for 20240115
2025-11-04 19:29:19,253 - INFO - Fetching: https://site.api.espn.com/apis/site/v2/sports/basketball/mens-college-basketball/scoreboard
2025-11-04 19:29:20,372 - INFO - Found 9 completed games for 20240116
2025-11-04 19:29:20,375 - INFO - Fetching: https://site.api.espn.com/apis/site/v2/sports/basketball/mens-college-basketball/scoreboard
2025-11-04 19:29:21,495 - INFO - Found 8 completed games for 20240117
2025-11-04 19:29:21,497 - INFO - Fetching: https://site.api.espn.com/apis/site/v2/sports/basketball/mens-college-basketball/scoreboard
2025-11-04 19:29:22,627 - INFO - Found 3 completed games for 20240118
2025-11-04 19:29:22,629 - INFO - Fetching: https://site.api.espn.com/apis/site/v2/sports/basketball/mens-college-basketball/scoreboard
2025-11-04 19:29:23,732 - INFO - Found 1 completed games for 20240119
2025-11-04 19:29:23,733 - INFO - Fetching: https://site.api.espn.com/apis/site/v2/sports/basketball/mens-college-basketball/scoreboard
2025-11-04 19:29:24,920 - INFO - Found 18 completed games for 20240120
2025-11-04 19:29:24,923 - INFO - Fetching: https://site.api.espn.com/apis/site/v2/sports/basketball/mens-college-basketball/scoreboard
2025-11-04 19:29:26,046 - INFO - Found 3 completed games for 20240121
2025-11-04 19:29:26,048 - INFO - Fetching: https://site.api.espn.com/apis/site/v2/sports/basketball/mens-college-basketball/scoreboard
2025-11-04 19:29:27,154 - INFO - Found 2 completed games for 20240122
2025-11-04 19:29:27,155 - INFO - Fetching: https://site.api.espn.com/apis/site/v2/sports/basketball/mens-college-basketball/scoreboard
2025-11-04 19:29:28,257 - INFO - Found 8 completed games for 20240123
2025-11-04 19:29:28,259 - INFO - Fetching: https://site.api.espn.com/apis/site/v2/sports/basketball/mens-college-basketball/scoreboard
2025-11-04 19:29:29,428 - INFO - Found 7 completed games for 20240124
2025-11-04 19:29:29,430 - INFO - Fetching: https://site.api.espn.com/apis/site/v2/sports/basketball/mens-college-basketball/scoreboard
2025-11-04 19:29:30,543 - INFO - Found 1 completed games for 20240125
2025-11-04 19:29:30,545 - INFO - Fetching: https://site.api.espn.com/apis/site/v2/sports/basketball/mens-college-basketball/scoreboard
2025-11-04 19:29:31,664 - INFO - Found 1 completed games for 20240126
2025-11-04 19:29:31,666 - INFO - Fetching: https://site.api.espn.com/apis/site/v2/sports/basketball/mens-college-basketball/scoreboard
2025-11-04 19:29:32,776 - INFO - Found 17 completed games for 20240127
2025-11-04 19:29:32,779 - INFO - Fetching: https://site.api.espn.com/apis/site/v2/sports/basketball/mens-college-basketball/scoreboard
2025-11-04 19:29:34,059 - INFO - Found 5 completed games for 20240128
2025-11-04 19:29:34,061 - INFO - Fetching: https://site.api.espn.com/apis/site/v2/sports/basketball/mens-college-basketball/scoreboard
2025-11-04 19:29:35,211 - INFO - Found 2 completed games for 20240129
2025-11-04 19:29:35,213 - INFO - Fetching: https://site.api.espn.com/apis/site/v2/sports/basketball/mens-college-basketball/scoreboard
2025-11-04 19:29:37,658 - INFO - Found 9 completed games for 20240130
2025-11-04 19:29:37,660 - INFO - Fetching: https://site.api.espn.com/apis/site/v2/sports/basketball/mens-college-basketball/scoreboard
2025-11-04 19:29:39,085 - INFO - Found 7 completed games for 20240131
2025-11-04 19:29:39,087 - INFO - Fetching: https://site.api.espn.com/apis/site/v2/sports/basketball/mens-college-basketball/scoreboard
2025-11-04 19:29:40,204 - INFO - Found 2 completed games for 20240201
2025-11-04 19:29:40,206 - INFO - Fetching: https://site.api.espn.com/apis/site/v2/sports/basketball/mens-college-basketball/scoreboard
2025-11-04 19:29:41,317 - INFO - Found 2 completed games for 20240202
2025-11-04 19:29:41,319 - INFO - Fetching: https://site.api.espn.com/apis/site/v2/sports/basketball/mens-college-basketball/scoreboard
2025-11-04 19:29:42,412 - INFO - Found 14 completed games for 20240203
2025-11-04 19:29:42,415 - INFO - Fetching: https://site.api.espn.com/apis/site/v2/sports/basketball/mens-college-basketball/scoreboard
2025-11-04 19:29:43,520 - INFO - Found 3 completed games for 20240204
2025-11-04 19:29:43,522 - INFO - Fetching: https://site.api.espn.com/apis/site/v2/sports/basketball/mens-college-basketball/scoreboard
2025-11-04 19:29:44,671 - INFO - Found 1 completed games for 20240205
2025-11-04 19:29:44,672 - INFO - Fetching: https://site.api.espn.com/apis/site/v2/sports/basketball/mens-college-basketball/scoreboard
2025-11-04 19:29:45,788 - INFO - Found 12 completed games for 20240206
2025-11-04 19:29:45,790 - INFO - Fetching: https://site.api.espn.com/apis/site/v2/sports/basketball/mens-college-basketball/scoreboard
2025-11-04 19:29:46,899 - INFO - Found 5 completed games for 20240207
2025-11-04 19:29:46,901 - INFO - Fetching: https://site.api.espn.com/apis/site/v2/sports/basketball/mens-college-basketball/scoreboard
2025-11-04 19:29:47,988 - INFO - Found 2 completed games for 20240208
2025-11-04 19:29:47,990 - INFO - Fetching: https://site.api.espn.com/apis/site/v2/sports/basketball/mens-college-basketball/scoreboard
2025-11-04 19:29:49,103 - INFO - Found 2 completed games for 20240209
2025-11-04 19:29:49,104 - INFO - Fetching: https://site.api.espn.com/apis/site/v2/sports/basketball/mens-college-basketball/scoreboard
2025-11-04 19:29:50,215 - INFO - Found 21 completed games for 20240210
2025-11-04 19:29:50,219 - INFO - Fetching: https://site.api.espn.com/apis/site/v2/sports/basketball/mens-college-basketball/scoreboard
2025-11-04 19:29:51,335 - INFO - Found 1 completed games for 20240211
2025-11-04 19:29:51,337 - INFO - Fetching: https://site.api.espn.com/apis/site/v2/sports/basketball/mens-college-basketball/scoreboard
2025-11-04 19:29:52,425 - INFO - Found 2 completed games for 20240212
2025-11-04 19:29:52,427 - INFO - Fetching: https://site.api.espn.com/apis/site/v2/sports/basketball/mens-college-basketball/scoreboard
2025-11-04 19:29:53,574 - INFO - Found 12 completed games for 20240213
2025-11-04 19:29:53,577 - INFO - Fetching: https://site.api.espn.com/apis/site/v2/sports/basketball/mens-college-basketball/scoreboard
2025-11-04 19:29:54,680 - INFO - Found 3 completed games for 20240214
2025-11-04 19:29:54,682 - INFO - Fetching: https://site.api.espn.com/apis/site/v2/sports/basketball/mens-college-basketball/scoreboard
2025-11-04 19:29:55,788 - INFO - Found 3 completed games for 20240215
2025-11-04 19:29:55,790 - INFO - Fetching: https://site.api.espn.com/apis/site/v2/sports/basketball/mens-college-basketball/scoreboard
2025-11-04 19:29:56,910 - INFO - Found 15 completed games for 20240216
2025-11-04 19:29:56,912 - INFO - Fetching: https://site.api.espn.com/apis/site/v2/sports/basketball/mens-college-basketball/scoreboard
2025-11-04 19:29:58,115 - INFO - Found 19 completed games for 20240217
2025-11-04 19:29:58,118 - INFO - Fetching: https://site.api.espn.com/apis/site/v2/sports/basketball/mens-college-basketball/scoreboard
2025-11-04 19:29:59,215 - INFO - Found 2 completed games for 20240218
2025-11-04 19:29:59,217 - INFO - Fetching: https://site.api.espn.com/apis/site/v2/sports/basketball/mens-college-basketball/scoreboard
2025-11-04 19:30:00,331 - INFO - Found 1 completed games for 20240219
2025-11-04 19:30:00,333 - INFO - Fetching: https://site.api.espn.com/apis/site/v2/sports/basketball/mens-college-basketball/scoreboard
2025-11-04 19:30:01,491 - INFO - Found 6 completed games for 20240220
2025-11-04 19:30:01,493 - INFO - Fetching: https://site.api.espn.com/apis/site/v2/sports/basketball/mens-college-basketball/scoreboard
2025-11-04 19:30:02,603 - INFO - Found 7 completed games for 20240221
2025-11-04 19:30:02,605 - INFO - Fetching: https://site.api.espn.com/apis/site/v2/sports/basketball/mens-college-basketball/scoreboard
2025-11-04 19:30:03,729 - INFO - Found 2 completed games for 20240222
2025-11-04 19:30:03,732 - INFO - Fetching: https://site.api.espn.com/apis/site/v2/sports/basketball/mens-college-basketball/scoreboard
2025-11-04 19:30:04,839 - INFO - Found 16 completed games for 20240223
2025-11-04 19:30:04,842 - INFO - Fetching: https://site.api.espn.com/apis/site/v2/sports/basketball/mens-college-basketball/scoreboard
2025-11-04 19:30:05,956 - INFO - Found 19 completed games for 20240224
2025-11-04 19:30:05,958 - INFO - Fetching: https://site.api.espn.com/apis/site/v2/sports/basketball/mens-college-basketball/scoreboard
2025-11-04 19:30:08,422 - INFO - Found 3 completed games for 20240225
2025-11-04 19:30:08,423 - INFO - Fetching: https://site.api.espn.com/apis/site/v2/sports/basketball/mens-college-basketball/scoreboard
2025-11-04 19:30:09,531 - INFO - Found 2 completed games for 20240226
2025-11-04 19:30:09,533 - INFO - Fetching: https://site.api.espn.com/apis/site/v2/sports/basketball/mens-college-basketball/scoreboard
2025-11-04 19:30:10,618 - INFO - Found 6 completed games for 20240227
2025-11-04 19:30:10,620 - INFO - Fetching: https://site.api.espn.com/apis/site/v2/sports/basketball/mens-college-basketball/scoreboard
2025-11-04 19:30:11,718 - INFO - Found 10 completed games for 20240228
2025-11-04 19:30:11,720 - INFO - Fetching: https://site.api.espn.com/apis/site/v2/sports/basketball/mens-college-basketball/scoreboard
2025-11-04 19:30:12,810 - INFO - Found 3 completed games for 20240229
2025-11-04 19:30:12,812 - INFO - Fetching: https://site.api.espn.com/apis/site/v2/sports/basketball/mens-college-basketball/scoreboard
2025-11-04 19:30:13,932 - INFO - Found 2 completed games for 20240301
2025-11-04 19:30:13,933 - INFO - Fetching: https://site.api.espn.com/apis/site/v2/sports/basketball/mens-college-basketball/scoreboard
2025-11-04 19:30:15,120 - INFO - Found 16 completed games for 20240302
2025-11-04 19:30:15,122 - INFO - Fetching: https://site.api.espn.com/apis/site/v2/sports/basketball/mens-college-basketball/scoreboard
2025-11-04 19:30:16,219 - INFO - Found 1 completed games for 20240303
2025-11-04 19:30:16,221 - INFO - Fetching: https://site.api.espn.com/apis/site/v2/sports/basketball/mens-college-basketball/scoreboard
2025-11-04 19:30:17,310 - INFO - Found 2 completed games for 20240304
2025-11-04 19:30:17,312 - INFO - Fetching: https://site.api.espn.com/apis/site/v2/sports/basketball/mens-college-basketball/scoreboard
2025-11-04 19:30:18,428 - INFO - Found 8 completed games for 20240305
2025-11-04 19:30:18,430 - INFO - Fetching: https://site.api.espn.com/apis/site/v2/sports/basketball/mens-college-basketball/scoreboard
2025-11-04 19:30:19,539 - INFO - Found 6 completed games for 20240306
2025-11-04 19:30:19,541 - INFO - Fetching: https://site.api.espn.com/apis/site/v2/sports/basketball/mens-college-basketball/scoreboard
2025-11-04 19:30:20,644 - INFO - Found 2 completed games for 20240307
2025-11-04 19:30:20,645 - INFO - Fetching: https://site.api.espn.com/apis/site/v2/sports/basketball/mens-college-basketball/scoreboard
2025-11-04 19:30:21,740 - INFO - Found 2 completed games for 20240308
2025-11-04 19:30:21,742 - INFO - Fetching: https://site.api.espn.com/apis/site/v2/sports/basketball/mens-college-basketball/scoreboard
2025-11-04 19:30:22,841 - INFO - Found 15 completed games for 20240309
2025-11-04 19:30:22,844 - INFO - Fetching: https://site.api.espn.com/apis/site/v2/sports/basketball/mens-college-basketball/scoreboard
2025-11-04 19:30:24,262 - INFO - Found 2 completed games for 20240310
2025-11-04 19:30:24,264 - INFO - Fetching: https://site.api.espn.com/apis/site/v2/sports/basketball/mens-college-basketball/scoreboard
2025-11-04 19:30:25,362 - INFO - Found 2 completed games for 20240311
2025-11-04 19:30:25,364 - INFO - Fetching: https://site.api.espn.com/apis/site/v2/sports/basketball/mens-college-basketball/scoreboard
2025-11-04 19:30:26,514 - INFO - Found 1 completed games for 20240312
2025-11-04 19:30:26,516 - INFO - Fetching: https://site.api.espn.com/apis/site/v2/sports/basketball/mens-college-basketball/scoreboard
2025-11-04 19:30:27,605 - INFO - Found 2 completed games for 20240313
2025-11-04 19:30:27,606 - INFO - Fetching: https://site.api.espn.com/apis/site/v2/sports/basketball/mens-college-basketball/scoreboard
2025-11-04 19:30:28,742 - INFO - Found 15 completed games for 20240314
2025-11-04 19:30:28,744 - INFO - Fetching: https://site.api.espn.com/apis/site/v2/sports/basketball/mens-college-basketball/scoreboard
2025-11-04 19:30:29,875 - INFO - Found 14 completed games for 20240315
2025-11-04 19:30:29,877 - INFO - Fetching: https://site.api.espn.com/apis/site/v2/sports/basketball/mens-college-basketball/scoreboard
2025-11-04 19:30:30,972 - INFO - Found 6 completed games for 20240316
2025-11-04 19:30:30,974 - INFO - Fetching: https://site.api.espn.com/apis/site/v2/sports/basketball/mens-college-basketball/scoreboard
2025-11-04 19:30:32,087 - INFO - Found 2 completed games for 20240317
2025-11-04 19:30:32,088 - INFO - Fetching: https://site.api.espn.com/apis/site/v2/sports/basketball/mens-college-basketball/scoreboard
2025-11-04 19:30:33,182 - INFO - Found 0 completed games for 20240318
2025-11-04 19:30:33,184 - INFO - Fetching: https://site.api.espn.com/apis/site/v2/sports/basketball/mens-college-basketball/scoreboard
2025-11-04 19:30:34,267 - INFO - Found 2 completed games for 20240319
2025-11-04 19:30:34,268 - INFO - Fetching: https://site.api.espn.com/apis/site/v2/sports/basketball/mens-college-basketball/scoreboard
2025-11-04 19:30:35,366 - INFO - Found 2 completed games for 20240320
2025-11-04 19:30:35,367 - INFO - Fetching: https://site.api.espn.com/apis/site/v2/sports/basketball/mens-college-basketball/scoreboard
2025-11-04 19:30:36,490 - INFO - Found 16 completed games for 20240321
2025-11-04 19:30:36,496 - INFO - Fetching: https://site.api.espn.com/apis/site/v2/sports/basketball/mens-college-basketball/scoreboard
2025-11-04 19:30:37,676 - INFO - Found 16 completed games for 20240322
2025-11-04 19:30:37,678 - INFO - Fetching: https://site.api.espn.com/apis/site/v2/sports/basketball/mens-college-basketball/scoreboard
2025-11-04 19:30:40,214 - INFO - Found 8 completed games for 20240323
2025-11-04 19:30:40,216 - INFO - Fetching: https://site.api.espn.com/apis/site/v2/sports/basketball/mens-college-basketball/scoreboard
2025-11-04 19:30:41,316 - INFO - Found 8 completed games for 20240324
2025-11-04 19:30:41,318 - INFO - Fetching: https://site.api.espn.com/apis/site/v2/sports/basketball/mens-college-basketball/scoreboard
2025-11-04 19:30:42,419 - INFO - Found 0 completed games for 20240325
2025-11-04 19:30:42,421 - INFO - Fetching: https://site.api.espn.com/apis/site/v2/sports/basketball/mens-college-basketball/scoreboard
2025-11-04 19:30:43,522 - INFO - Found 0 completed games for 20240326
2025-11-04 19:30:43,523 - INFO - Fetching: https://site.api.espn.com/apis/site/v2/sports/basketball/mens-college-basketball/scoreboard
2025-11-04 19:30:44,626 - INFO - Found 0 completed games for 20240327
2025-11-04 19:30:44,627 - INFO - Fetching: https://site.api.espn.com/apis/site/v2/sports/basketball/mens-college-basketball/scoreboard
2025-11-04 19:30:45,723 - INFO - Found 4 completed games for 20240328
2025-11-04 19:30:45,725 - INFO - Fetching: https://site.api.espn.com/apis/site/v2/sports/basketball/mens-college-basketball/scoreboard
2025-11-04 19:30:46,813 - INFO - Found 4 completed games for 20240329
2025-11-04 19:30:46,814 - INFO - Fetching: https://site.api.espn.com/apis/site/v2/sports/basketball/mens-college-basketball/scoreboard
2025-11-04 19:30:47,911 - INFO - Found 2 completed games for 20240330
2025-11-04 19:30:47,913 - INFO - Fetching: https://site.api.espn.com/apis/site/v2/sports/basketball/mens-college-basketball/scoreboard
2025-11-04 19:30:49,020 - INFO - Found 2 completed games for 20240331
2025-11-04 19:30:49,021 - INFO - Fetching: https://site.api.espn.com/apis/site/v2/sports/basketball/mens-college-basketball/scoreboard
2025-11-04 19:30:50,198 - INFO - Found 0 completed games for 20240401
2025-11-04 19:30:50,199 - INFO - Fetching: https://site.api.espn.com/apis/site/v2/sports/basketball/mens-college-basketball/scoreboard
2025-11-04 19:30:51,322 - INFO - Found 0 completed games for 20240402
2025-11-04 19:30:51,323 - INFO - Fetching: https://site.api.espn.com/apis/site/v2/sports/basketball/mens-college-basketball/scoreboard
2025-11-04 19:30:52,430 - INFO - Found 0 completed games for 20240403
2025-11-04 19:30:52,432 - INFO - Fetching: https://site.api.espn.com/apis/site/v2/sports/basketball/mens-college-basketball/scoreboard
2025-11-04 19:30:53,545 - INFO - Found 0 completed games for 20240404
2025-11-04 19:30:53,546 - INFO - Fetching: https://site.api.espn.com/apis/site/v2/sports/basketball/mens-college-basketball/scoreboard
2025-11-04 19:30:54,650 - INFO - Found 0 completed games for 20240405
2025-11-04 19:30:54,650 - INFO - Fetching: https://site.api.espn.com/apis/site/v2/sports/basketball/mens-college-basketball/scoreboard
2025-11-04 19:30:55,771 - INFO - Found 2 completed games for 20240406
2025-11-04 19:30:55,772 - INFO - Fetching: https://site.api.espn.com/apis/site/v2/sports/basketball/mens-college-basketball/scoreboard
2025-11-04 19:30:57,154 - INFO - Found 0 completed games for 20240407
2025-11-04 19:30:57,155 - INFO - Fetching: https://site.api.espn.com/apis/site/v2/sports/basketball/mens-college-basketball/scoreboard
2025-11-04 19:30:58,269 - INFO - Found 1 completed games for 20240408
2025-11-04 19:30:58,271 - INFO - Fetching: https://site.api.espn.com/apis/site/v2/sports/basketball/mens-college-basketball/scoreboard
2025-11-04 19:30:59,364 - INFO - Found 0 completed games for 20240409
2025-11-04 19:30:59,365 - INFO - Fetching: https://site.api.espn.com/apis/site/v2/sports/basketball/mens-college-basketball/scoreboard
2025-11-04 19:31:00,462 - INFO - Found 0 completed games for 20240410
2025-11-04 19:31:00,463 - INFO - Fetching: https://site.api.espn.com/apis/site/v2/sports/basketball/mens-college-basketball/scoreboard
2025-11-04 19:31:01,553 - INFO - Found 0 completed games for 20240411
2025-11-04 19:31:01,554 - INFO - Fetching: https://site.api.espn.com/apis/site/v2/sports/basketball/mens-college-basketball/scoreboard
2025-11-04 19:31:02,697 - INFO - Found 0 completed games for 20240412
2025-11-04 19:31:02,698 - INFO - Fetching: https://site.api.espn.com/apis/site/v2/sports/basketball/mens-college-basketball/scoreboard
2025-11-04 19:31:03,795 - INFO - Found 0 completed games for 20240413
2025-11-04 19:31:03,796 - INFO - Fetching: https://site.api.espn.com/apis/site/v2/sports/basketball/mens-college-basketball/scoreboard
2025-11-04 19:31:04,897 - INFO - Found 0 completed games for 20240414
2025-11-04 19:31:04,898 - INFO - Fetching: https://site.api.espn.com/apis/site/v2/sports/basketball/mens-college-basketball/scoreboard
2025-11-04 19:31:06,001 - INFO - Found 0 completed games for 20240415
2025-11-04 19:31:06,002 - INFO - Fetching: https://site.api.espn.com/apis/site/v2/sports/basketball/mens-college-basketball/scoreboard
2025-11-04 19:31:07,094 - INFO - Found 0 completed games for 20240416
2025-11-04 19:31:07,095 - INFO - Fetching: https://site.api.espn.com/apis/site/v2/sports/basketball/mens-college-basketball/scoreboard
2025-11-04 19:31:08,197 - INFO - Found 0 completed games for 20240417
2025-11-04 19:31:08,199 - INFO - Fetching: https://site.api.espn.com/apis/site/v2/sports/basketball/mens-college-basketball/scoreboard
2025-11-04 19:31:09,288 - INFO - Found 0 completed games for 20240418
2025-11-04 19:31:09,291 - INFO - Fetching: https://site.api.espn.com/apis/site/v2/sports/basketball/mens-college-basketball/scoreboard
2025-11-04 19:31:11,816 - INFO - Found 0 completed games for 20240419
2025-11-04 19:31:11,819 - INFO - Fetching: https://site.api.espn.com/apis/site/v2/sports/basketball/mens-college-basketball/scoreboard
2025-11-04 19:31:12,908 - INFO - Found 0 completed games for 20240420
2025-11-04 19:31:12,910 - INFO - Fetching: https://site.api.espn.com/apis/site/v2/sports/basketball/mens-college-basketball/scoreboard
2025-11-04 19:31:13,999 - INFO - Found 0 completed games for 20240421
2025-11-04 19:31:14,000 - INFO - Fetching: https://site.api.espn.com/apis/site/v2/sports/basketball/mens-college-basketball/scoreboard
2025-11-04 19:31:15,105 - INFO - Found 0 completed games for 20240422
2025-11-04 19:31:15,106 - INFO - Fetching: https://site.api.espn.com/apis/site/v2/sports/basketball/mens-college-basketball/scoreboard
2025-11-04 19:31:16,192 - INFO - Found 0 completed games for 20240423
2025-11-04 19:31:16,192 - INFO - Fetching: https://site.api.espn.com/apis/site/v2/sports/basketball/mens-college-basketball/scoreboard
2025-11-04 19:31:17,291 - INFO - Found 0 completed games for 20240424
2025-11-04 19:31:17,292 - INFO - Fetching: https://site.api.espn.com/apis/site/v2/sports/basketball/mens-college-basketball/scoreboard
2025-11-04 19:31:18,418 - INFO - Found 0 completed games for 20240425
2025-11-04 19:31:18,419 - INFO - Fetching: https://site.api.espn.com/apis/site/v2/sports/basketball/mens-college-basketball/scoreboard
2025-11-04 19:31:19,531 - INFO - Found 0 completed games for 20240426
2025-11-04 19:31:19,533 - INFO - Fetching: https://site.api.espn.com/apis/site/v2/sports/basketball/mens-college-basketball/scoreboard
2025-11-04 19:31:20,656 - INFO - Found 0 completed games for 20240427
2025-11-04 19:31:20,657 - INFO - Fetching: https://site.api.espn.com/apis/site/v2/sports/basketball/mens-college-basketball/scoreboard
2025-11-04 19:31:21,783 - INFO - Found 0 completed games for 20240428
2025-11-04 19:31:21,784 - INFO - Fetching: https://site.api.espn.com/apis/site/v2/sports/basketball/mens-college-basketball/scoreboard
2025-11-04 19:31:22,906 - INFO - Found 0 completed games for 20240429
2025-11-04 19:31:22,907 - INFO - Fetching: https://site.api.espn.com/apis/site/v2/sports/basketball/mens-college-basketball/scoreboard
2025-11-04 19:31:24,037 - INFO - Found 0 completed games for 20240430
2025-11-04 19:31:24,252 - INFO - Saved 930 games to database
2025-11-04 19:31:25,078 - INFO - Calculated stats for 335 teams
2025-11-04 19:31:25,175 - INFO - Saved 335 team stats to database
2025-11-04 19:31:25,175 - INFO - Completed scrape for 2024 season
2025-11-04 19:31:27,176 - INFO - Starting full scrape for 2025 season
2025-11-04 19:31:27,177 - INFO - Scraping 2025 season from 2024-11-01 to 2025-04-30
2025-11-04 19:31:27,177 - INFO - Fetching: https://site.api.espn.com/apis/site/v2/sports/basketball/mens-college-basketball/scoreboard
2025-11-04 19:31:28,312 - INFO - Found 0 completed games for 20241101
2025-11-04 19:31:28,313 - INFO - Fetching: https://site.api.espn.com/apis/site/v2/sports/basketball/mens-college-basketball/scoreboard
2025-11-04 19:31:29,395 - INFO - Found 0 completed games for 20241102
2025-11-04 19:31:29,396 - INFO - Fetching: https://site.api.espn.com/apis/site/v2/sports/basketball/mens-college-basketball/scoreboard
2025-11-04 19:31:30,484 - INFO - Found 0 completed games for 20241103
2025-11-04 19:31:30,485 - INFO - Fetching: https://site.api.espn.com/apis/site/v2/sports/basketball/mens-college-basketball/scoreboard
2025-11-04 19:31:32,480 - INFO - Found 18 completed games for 20241104
2025-11-04 19:31:32,483 - INFO - Fetching: https://site.api.espn.com/apis/site/v2/sports/basketball/mens-college-basketball/scoreboard
2025-11-04 19:31:33,580 - INFO - Found 11 completed games for 20241105
2025-11-04 19:31:33,582 - INFO - Fetching: https://site.api.espn.com/apis/site/v2/sports/basketball/mens-college-basketball/scoreboard
2025-11-04 19:31:34,780 - INFO - Found 6 completed games for 20241106
2025-11-04 19:31:34,782 - INFO - Fetching: https://site.api.espn.com/apis/site/v2/sports/basketball/mens-college-basketball/scoreboard
2025-11-04 19:31:35,904 - INFO - Found 1 completed games for 20241107
2025-11-04 19:31:35,905 - INFO - Fetching: https://site.api.espn.com/apis/site/v2/sports/basketball/mens-college-basketball/scoreboard
2025-11-04 19:31:37,037 - INFO - Found 10 completed games for 20241108
2025-11-04 19:31:37,040 - INFO - Fetching: https://site.api.espn.com/apis/site/v2/sports/basketball/mens-college-basketball/scoreboard
2025-11-04 19:31:38,136 - INFO - Found 6 completed games for 20241109
2025-11-04 19:31:38,138 - INFO - Fetching: https://site.api.espn.com/apis/site/v2/sports/basketball/mens-college-basketball/scoreboard
2025-11-04 19:31:39,284 - INFO - Found 3 completed games for 20241110
2025-11-04 19:31:39,286 - INFO - Fetching: https://site.api.espn.com/apis/site/v2/sports/basketball/mens-college-basketball/scoreboard
2025-11-04 19:31:40,460 - INFO - Found 8 completed games for 20241111
2025-11-04 19:31:40,463 - INFO - Fetching: https://site.api.espn.com/apis/site/v2/sports/basketball/mens-college-basketball/scoreboard
2025-11-04 19:31:42,990 - INFO - Found 4 completed games for 20241112
2025-11-04 19:31:42,992 - INFO - Fetching: https://site.api.espn.com/apis/site/v2/sports/basketball/mens-college-basketball/scoreboard
2025-11-04 19:31:44,113 - INFO - Found 7 completed games for 20241113
2025-11-04 19:31:44,115 - INFO - Fetching: https://site.api.espn.com/apis/site/v2/sports/basketball/mens-college-basketball/scoreboard
2025-11-04 19:31:45,248 - INFO - Found 26 completed games for 20241114
2025-11-04 19:31:45,254 - INFO - Fetching: https://site.api.espn.com/apis/site/v2/sports/basketball/mens-college-basketball/scoreboard
2025-11-04 19:31:46,365 - INFO - Found 9 completed games for 20241115
2025-11-04 19:31:46,367 - INFO - Fetching: https://site.api.espn.com/apis/site/v2/sports/basketball/mens-college-basketball/scoreboard
2025-11-04 19:31:47,467 - INFO - Found 5 completed games for 20241116
2025-11-04 19:31:47,469 - INFO - Fetching: https://site.api.espn.com/apis/site/v2/sports/basketball/mens-college-basketball/scoreboard
2025-11-04 19:31:48,560 - INFO - Found 3 completed games for 20241117
2025-11-04 19:31:48,561 - INFO - Fetching: https://site.api.espn.com/apis/site/v2/sports/basketball/mens-college-basketball/scoreboard
2025-11-04 19:31:49,650 - INFO - Found 5 completed games for 20241118
2025-11-04 19:31:49,651 - INFO - Fetching: https://site.api.espn.com/apis/site/v2/sports/basketball/mens-college-basketball/scoreboard
2025-11-04 19:31:50,754 - INFO - Found 6 completed games for 20241119
2025-11-04 19:31:50,756 - INFO - Fetching: https://site.api.espn.com/apis/site/v2/sports/basketball/mens-college-basketball/scoreboard
2025-11-04 19:31:51,919 - INFO - Found 4 completed games for 20241120
2025-11-04 19:31:51,920 - INFO - Fetching: https://site.api.espn.com/apis/site/v2/sports/basketball/mens-college-basketball/scoreboard
2025-11-04 19:31:53,019 - INFO - Found 3 completed games for 20241121
2025-11-04 19:31:53,021 - INFO - Fetching: https://site.api.espn.com/apis/site/v2/sports/basketball/mens-college-basketball/scoreboard
2025-11-04 19:31:54,186 - INFO - Found 10 completed games for 20241122
2025-11-04 19:31:54,187 - INFO - Fetching: https://site.api.espn.com/apis/site/v2/sports/basketball/mens-college-basketball/scoreboard
2025-11-04 19:31:55,288 - INFO - Found 4 completed games for 20241123
2025-11-04 19:31:55,290 - INFO - Fetching: https://site.api.espn.com/apis/site/v2/sports/basketball/mens-college-basketball/scoreboard
2025-11-04 19:31:56,400 - INFO - Found 3 completed games for 20241124
2025-11-04 19:31:56,403 - INFO - Fetching: https://site.api.espn.com/apis/site/v2/sports/basketball/mens-college-basketball/scoreboard
2025-11-04 19:31:57,531 - INFO - Found 5 completed games for 20241125
2025-11-04 19:31:57,533 - INFO - Fetching: https://site.api.espn.com/apis/site/v2/sports/basketball/mens-college-basketball/scoreboard
2025-11-04 19:31:58,625 - INFO - Found 8 completed games for 20241126
2025-11-04 19:31:58,626 - INFO - Fetching: https://site.api.espn.com/apis/site/v2/sports/basketball/mens-college-basketball/scoreboard
2025-11-04 19:31:59,753 - INFO - Found 15 completed games for 20241127
2025-11-04 19:31:59,755 - INFO - Fetching: https://site.api.espn.com/apis/site/v2/sports/basketball/mens-college-basketball/scoreboard
2025-11-04 19:32:00,875 - INFO - Found 7 completed games for 20241128
2025-11-04 19:32:00,877 - INFO - Fetching: https://site.api.espn.com/apis/site/v2/sports/basketball/mens-college-basketball/scoreboard
2025-11-04 19:32:01,963 - INFO - Found 8 completed games for 20241129
2025-11-04 19:32:01,964 - INFO - Fetching: https://site.api.espn.com/apis/site/v2/sports/basketball/mens-college-basketball/scoreboard
2025-11-04 19:32:03,075 - INFO - Found 8 completed games for 20241130
2025-11-04 19:32:03,077 - INFO - Fetching: https://site.api.espn.com/apis/site/v2/sports/basketball/mens-college-basketball/scoreboard
2025-11-04 19:32:04,170 - INFO - Found 1 completed games for 20241201
2025-11-04 19:32:04,172 - INFO - Fetching: https://site.api.espn.com/apis/site/v2/sports/basketball/mens-college-basketball/scoreboard
2025-11-04 19:32:05,521 - INFO - Found 16 completed games for 20241202
2025-11-04 19:32:05,524 - INFO - Fetching: https://site.api.espn.com/apis/site/v2/sports/basketball/mens-college-basketball/scoreboard
2025-11-04 19:32:06,631 - INFO - Found 7 completed games for 20241203
2025-11-04 19:32:06,633 - INFO - Fetching: https://site.api.espn.com/apis/site/v2/sports/basketball/mens-college-basketball/scoreboard
2025-11-04 19:32:07,719 - INFO - Found 10 completed games for 20241204
2025-11-04 19:32:07,722 - INFO - Fetching: https://site.api.espn.com/apis/site/v2/sports/basketball/mens-college-basketball/scoreboard
2025-11-04 19:32:08,809 - INFO - Found 1 completed games for 20241205
2025-11-04 19:32:08,810 - INFO - Fetching: https://site.api.espn.com/apis/site/v2/sports/basketball/mens-college-basketball/scoreboard
2025-11-04 19:32:09,907 - INFO - Found 1 completed games for 20241206
2025-11-04 19:32:09,909 - INFO - Fetching: https://site.api.espn.com/apis/site/v2/sports/basketball/mens-college-basketball/scoreboard
2025-11-04 19:32:11,005 - INFO - Found 8 completed games for 20241207
2025-11-04 19:32:11,006 - INFO - Fetching: https://site.api.espn.com/apis/site/v2/sports/basketball/mens-college-basketball/scoreboard
2025-11-04 19:32:13,423 - INFO - Found 10 completed games for 20241208
2025-11-04 19:32:13,425 - INFO - Fetching: https://site.api.espn.com/apis/site/v2/sports/basketball/mens-college-basketball/scoreboard
2025-11-04 19:32:14,523 - INFO - Found 8 completed games for 20241209
2025-11-04 19:32:14,525 - INFO - Fetching: https://site.api.espn.com/apis/site/v2/sports/basketball/mens-college-basketball/scoreboard
2025-11-04 19:32:15,633 - INFO - Found 5 completed games for 20241210
2025-11-04 19:32:15,635 - INFO - Fetching: https://site.api.espn.com/apis/site/v2/sports/basketball/mens-college-basketball/scoreboard
2025-11-04 19:32:16,738 - INFO - Found 2 completed games for 20241211
2025-11-04 19:32:16,740 - INFO - Fetching: https://site.api.espn.com/apis/site/v2/sports/basketball/mens-college-basketball/scoreboard
2025-11-04 19:32:17,849 - INFO - Found 1 completed games for 20241212
2025-11-04 19:32:17,851 - INFO - Fetching: https://site.api.espn.com/apis/site/v2/sports/basketball/mens-college-basketball/scoreboard
2025-11-04 19:32:18,950 - INFO - Found 10 completed games for 20241213
2025-11-04 19:32:18,951 - INFO - Fetching: https://site.api.espn.com/apis/site/v2/sports/basketball/mens-college-basketball/scoreboard
2025-11-04 19:32:20,053 - INFO - Found 16 completed games for 20241214
2025-11-04 19:32:20,056 - INFO - Fetching: https://site.api.espn.com/apis/site/v2/sports/basketball/mens-college-basketball/scoreboard
2025-11-04 19:32:21,148 - INFO - Found 2 completed games for 20241215
2025-11-04 19:32:21,150 - INFO - Fetching: https://site.api.espn.com/apis/site/v2/sports/basketball/mens-college-basketball/scoreboard
2025-11-04 19:32:22,311 - INFO - Found 18 completed games for 20241216
2025-11-04 19:32:22,316 - INFO - Fetching: https://site.api.espn.com/apis/site/v2/sports/basketball/mens-college-basketball/scoreboard
2025-11-04 19:32:23,453 - INFO - Found 9 completed games for 20241217
2025-11-04 19:32:23,456 - INFO - Fetching: https://site.api.espn.com/apis/site/v2/sports/basketball/mens-college-basketball/scoreboard
2025-11-04 19:32:24,577 - INFO - Found 7 completed games for 20241218
2025-11-04 19:32:24,579 - INFO - Fetching: https://site.api.espn.com/apis/site/v2/sports/basketball/mens-college-basketball/scoreboard
2025-11-04 19:32:25,709 - INFO - Found 26 completed games for 20241219
2025-11-04 19:32:25,712 - INFO - Fetching: https://site.api.espn.com/apis/site/v2/sports/basketball/mens-college-basketball/scoreboard
2025-11-04 19:32:26,796 - INFO - Found 2 completed games for 20241220
2025-11-04 19:32:26,798 - INFO - Fetching: https://site.api.espn.com/apis/site/v2/sports/basketball/mens-college-basketball/scoreboard
2025-11-04 19:32:27,963 - INFO - Found 15 completed games for 20241221
2025-11-04 19:32:27,967 - INFO - Fetching: https://site.api.espn.com/apis/site/v2/sports/basketball/mens-college-basketball/scoreboard
2025-11-04 19:32:29,086 - INFO - Found 6 completed games for 20241222
2025-11-04 19:32:29,087 - INFO - Fetching: https://site.api.espn.com/apis/site/v2/sports/basketball/mens-college-basketball/scoreboard
2025-11-04 19:32:30,172 - INFO - Found 1 completed games for 20241223
2025-11-04 19:32:30,174 - INFO - Fetching: https://site.api.espn.com/apis/site/v2/sports/basketball/mens-college-basketball/scoreboard
2025-11-04 19:32:31,296 - INFO - Found 0 completed games for 20241224
2025-11-04 19:32:31,297 - INFO - Fetching: https://site.api.espn.com/apis/site/v2/sports/basketball/mens-college-basketball/scoreboard
2025-11-04 19:32:32,392 - INFO - Found 4 completed games for 20241225
2025-11-04 19:32:32,394 - INFO - Fetching: https://site.api.espn.com/apis/site/v2/sports/basketball/mens-college-basketball/scoreboard
2025-11-04 19:32:33,498 - INFO - Found 0 completed games for 20241226
2025-11-04 19:32:33,499 - INFO - Fetching: https://site.api.espn.com/apis/site/v2/sports/basketball/mens-college-basketball/scoreboard
2025-11-04 19:32:34,588 - INFO - Found 1 completed games for 20241227
2025-11-04 19:32:34,590 - INFO - Fetching: https://site.api.espn.com/apis/site/v2/sports/basketball/mens-college-basketball/scoreboard
2025-11-04 19:32:35,708 - INFO - Found 4 completed games for 20241228
2025-11-04 19:32:35,709 - INFO - Fetching: https://site.api.espn.com/apis/site/v2/sports/basketball/mens-college-basketball/scoreboard
2025-11-04 19:32:36,805 - INFO - Found 6 completed games for 20241229
2025-11-04 19:32:36,806 - INFO - Fetching: https://site.api.espn.com/apis/site/v2/sports/basketball/mens-college-basketball/scoreboard
2025-11-04 19:32:37,905 - INFO - Found 8 completed games for 20241230
2025-11-04 19:32:37,907 - INFO - Fetching: https://site.api.espn.com/apis/site/v2/sports/basketball/mens-college-basketball/scoreboard
2025-11-04 19:32:39,005 - INFO - Found 6 completed games for 20241231
2025-11-04 19:32:39,008 - INFO - Fetching: https://site.api.espn.com/apis/site/v2/sports/basketball/mens-college-basketball/scoreboard
2025-11-04 19:32:40,100 - INFO - Found 1 completed games for 20250101
2025-11-04 19:32:40,101 - INFO - Fetching: https://site.api.espn.com/apis/site/v2/sports/basketball/mens-college-basketball/scoreboard
2025-11-04 19:32:41,206 - INFO - Found 4 completed games for 20250102
2025-11-04 19:32:41,208 - INFO - Fetching: https://site.api.espn.com/apis/site/v2/sports/basketball/mens-college-basketball/scoreboard
2025-11-04 19:32:42,293 - INFO - Found 2 completed games for 20250103
2025-11-04 19:32:42,295 - INFO - Fetching: https://site.api.espn.com/apis/site/v2/sports/basketball/mens-college-basketball/scoreboard
2025-11-04 19:32:44,060 - INFO - Found 13 completed games for 20250104
2025-11-04 19:32:44,063 - INFO - Fetching: https://site.api.espn.com/apis/site/v2/sports/basketball/mens-college-basketball/scoreboard
2025-11-04 19:32:46,043 - INFO - Found 6 completed games for 20250105
2025-11-04 19:32:46,045 - INFO - Fetching: https://site.api.espn.com/apis/site/v2/sports/basketball/mens-college-basketball/scoreboard
2025-11-04 19:32:47,182 - INFO - Found 1 completed games for 20250106
2025-11-04 19:32:47,184 - INFO - Fetching: https://site.api.espn.com/apis/site/v2/sports/basketball/mens-college-basketball/scoreboard
2025-11-04 19:32:48,329 - INFO - Found 10 completed games for 20250107
2025-11-04 19:32:48,331 - INFO - Fetching: https://site.api.espn.com/apis/site/v2/sports/basketball/mens-college-basketball/scoreboard
2025-11-04 19:32:49,453 - INFO - Found 7 completed games for 20250108
2025-11-04 19:32:49,455 - INFO - Fetching: https://site.api.espn.com/apis/site/v2/sports/basketball/mens-college-basketball/scoreboard
2025-11-04 19:32:50,547 - INFO - Found 3 completed games for 20250109
2025-11-04 19:32:50,550 - INFO - Fetching: https://site.api.espn.com/apis/site/v2/sports/basketball/mens-college-basketball/scoreboard
2025-11-04 19:32:51,704 - INFO - Found 1 completed games for 20250110
2025-11-04 19:32:51,706 - INFO - Fetching: https://site.api.espn.com/apis/site/v2/sports/basketball/mens-college-basketball/scoreboard
2025-11-04 19:32:53,139 - INFO - Found 16 completed games for 20250111
2025-11-04 19:32:53,141 - INFO - Fetching: https://site.api.espn.com/apis/site/v2/sports/basketball/mens-college-basketball/scoreboard
2025-11-04 19:32:54,229 - INFO - Found 5 completed games for 20250112
2025-11-04 19:32:54,230 - INFO - Fetching: https://site.api.espn.com/apis/site/v2/sports/basketball/mens-college-basketball/scoreboard
2025-11-04 19:32:55,353 - INFO - Found 22 completed games for 20250113
2025-11-04 19:32:55,356 - INFO - Fetching: https://site.api.espn.com/apis/site/v2/sports/basketball/mens-college-basketball/scoreboard
2025-11-04 19:32:56,446 - INFO - Found 9 completed games for 20250114
2025-11-04 19:32:56,448 - INFO - Fetching: https://site.api.espn.com/apis/site/v2/sports/basketball/mens-college-basketball/scoreboard
2025-11-04 19:32:57,538 - INFO - Found 6 completed games for 20250115
2025-11-04 19:32:57,541 - INFO - Fetching: https://site.api.espn.com/apis/site/v2/sports/basketball/mens-college-basketball/scoreboard
2025-11-04 19:32:58,640 - INFO - Found 3 completed games for 20250116
2025-11-04 19:32:58,642 - INFO - Fetching: https://site.api.espn.com/apis/site/v2/sports/basketball/mens-college-basketball/scoreboard
2025-11-04 19:32:59,753 - INFO - Found 10 completed games for 20250117
2025-11-04 19:32:59,755 - INFO - Fetching: https://site.api.espn.com/apis/site/v2/sports/basketball/mens-college-basketball/scoreboard
2025-11-04 19:33:00,864 - INFO - Found 15 completed games for 20250118
2025-11-04 19:33:00,866 - INFO - Fetching: https://site.api.espn.com/apis/site/v2/sports/basketball/mens-college-basketball/scoreboard
2025-11-04 19:33:01,959 - INFO - Found 4 completed games for 20250119
2025-11-04 19:33:01,960 - INFO - Fetching: https://site.api.espn.com/apis/site/v2/sports/basketball/mens-college-basketball/scoreboard
2025-11-04 19:33:03,079 - INFO - Found 29 completed games for 20250120
2025-11-04 19:33:03,083 - INFO - Fetching: https://site.api.espn.com/apis/site/v2/sports/basketball/mens-college-basketball/scoreboard
2025-11-04 19:33:04,452 - INFO - Found 11 completed games for 20250121
2025-11-04 19:33:04,455 - INFO - Fetching: https://site.api.espn.com/apis/site/v2/sports/basketball/mens-college-basketball/scoreboard
2025-11-04 19:33:05,552 - INFO - Found 5 completed games for 20250122
2025-11-04 19:33:05,554 - INFO - Fetching: https://site.api.espn.com/apis/site/v2/sports/basketball/mens-college-basketball/scoreboard
2025-11-04 19:33:06,640 - INFO - Found 2 completed games for 20250123
2025-11-04 19:33:06,642 - INFO - Fetching: https://site.api.espn.com/apis/site/v2/sports/basketball/mens-college-basketball/scoreboard
2025-11-04 19:33:07,742 - INFO - Found 2 completed games for 20250124
2025-11-04 19:33:07,744 - INFO - Fetching: https://site.api.espn.com/apis/site/v2/sports/basketball/mens-college-basketball/scoreboard
2025-11-04 19:33:08,855 - INFO - Found 14 completed games for 20250125
2025-11-04 19:33:08,857 - INFO - Fetching: https://site.api.espn.com/apis/site/v2/sports/basketball/mens-college-basketball/scoreboard
2025-11-04 19:33:09,961 - INFO - Found 3 completed games for 20250126
2025-11-04 19:33:09,962 - INFO - Fetching: https://site.api.espn.com/apis/site/v2/sports/basketball/mens-college-basketball/scoreboard
2025-11-04 19:33:11,078 - INFO - Found 2 completed games for 20250127
2025-11-04 19:33:11,081 - INFO - Fetching: https://site.api.espn.com/apis/site/v2/sports/basketball/mens-college-basketball/scoreboard
2025-11-04 19:33:12,186 - INFO - Found 7 completed games for 20250128
2025-11-04 19:33:12,188 - INFO - Fetching: https://site.api.espn.com/apis/site/v2/sports/basketball/mens-college-basketball/scoreboard
2025-11-04 19:33:13,277 - INFO - Found 7 completed games for 20250129
2025-11-04 19:33:13,279 - INFO - Fetching: https://site.api.espn.com/apis/site/v2/sports/basketball/mens-college-basketball/scoreboard
2025-11-04 19:33:14,363 - INFO - Found 3 completed games for 20250130
2025-11-04 19:33:14,365 - INFO - Fetching: https://site.api.espn.com/apis/site/v2/sports/basketball/mens-college-basketball/scoreboard
2025-11-04 19:33:16,830 - INFO - Found 1 completed games for 20250131
2025-11-04 19:33:16,832 - INFO - Fetching: https://site.api.espn.com/apis/site/v2/sports/basketball/mens-college-basketball/scoreboard
2025-11-04 19:33:17,945 - INFO - Found 16 completed games for 20250201
2025-11-04 19:33:17,948 - INFO - Fetching: https://site.api.espn.com/apis/site/v2/sports/basketball/mens-college-basketball/scoreboard
2025-11-04 19:33:19,058 - INFO - Found 3 completed games for 20250202
2025-11-04 19:33:19,060 - INFO - Fetching: https://site.api.espn.com/apis/site/v2/sports/basketball/mens-college-basketball/scoreboard
2025-11-04 19:33:20,163 - INFO - Found 1 completed games for 20250203
2025-11-04 19:33:20,165 - INFO - Fetching: https://site.api.espn.com/apis/site/v2/sports/basketball/mens-college-basketball/scoreboard
2025-11-04 19:33:21,281 - INFO - Found 10 completed games for 20250204
2025-11-04 19:33:21,283 - INFO - Fetching: https://site.api.espn.com/apis/site/v2/sports/basketball/mens-college-basketball/scoreboard
2025-11-04 19:33:22,376 - INFO - Found 5 completed games for 20250205
2025-11-04 19:33:22,378 - INFO - Fetching: https://site.api.espn.com/apis/site/v2/sports/basketball/mens-college-basketball/scoreboard
2025-11-04 19:33:23,509 - INFO - Found 1 completed games for 20250206
2025-11-04 19:33:23,511 - INFO - Fetching: https://site.api.espn.com/apis/site/v2/sports/basketball/mens-college-basketball/scoreboard
2025-11-04 19:33:24,621 - INFO - Found 2 completed games for 20250207
2025-11-04 19:33:24,623 - INFO - Fetching: https://site.api.espn.com/apis/site/v2/sports/basketball/mens-college-basketball/scoreboard
2025-11-04 19:33:25,726 - INFO - Found 17 completed games for 20250208
2025-11-04 19:33:25,728 - INFO - Fetching: https://site.api.espn.com/apis/site/v2/sports/basketball/mens-college-basketball/scoreboard
2025-11-04 19:33:26,840 - INFO - Found 2 completed games for 20250209
2025-11-04 19:33:26,842 - INFO - Fetching: https://site.api.espn.com/apis/site/v2/sports/basketball/mens-college-basketball/scoreboard
2025-11-04 19:33:27,939 - INFO - Found 2 completed games for 20250210
2025-11-04 19:33:27,941 - INFO - Fetching: https://site.api.espn.com/apis/site/v2/sports/basketball/mens-college-basketball/scoreboard
2025-11-04 19:33:29,058 - INFO - Found 12 completed games for 20250211
2025-11-04 19:33:29,060 - INFO - Fetching: https://site.api.espn.com/apis/site/v2/sports/basketball/mens-college-basketball/scoreboard
2025-11-04 19:33:30,185 - INFO - Found 5 completed games for 20250212
2025-11-04 19:33:30,188 - INFO - Fetching: https://site.api.espn.com/apis/site/v2/sports/basketball/mens-college-basketball/scoreboard
2025-11-04 19:33:31,310 - INFO - Found 2 completed games for 20250213
2025-11-04 19:33:31,311 - INFO - Fetching: https://site.api.espn.com/apis/site/v2/sports/basketball/mens-college-basketball/scoreboard
2025-11-04 19:33:32,688 - INFO - Found 16 completed games for 20250214
2025-11-04 19:33:32,690 - INFO - Fetching: https://site.api.espn.com/apis/site/v2/sports/basketball/mens-college-basketball/scoreboard
2025-11-04 19:33:33,806 - INFO - Found 15 completed games for 20250215
2025-11-04 19:33:33,808 - INFO - Fetching: https://site.api.espn.com/apis/site/v2/sports/basketball/mens-college-basketball/scoreboard
2025-11-04 19:33:34,914 - INFO - Found 4 completed games for 20250216
2025-11-04 19:33:34,916 - INFO - Fetching: https://site.api.espn.com/apis/site/v2/sports/basketball/mens-college-basketball/scoreboard
2025-11-04 19:33:36,115 - INFO - Found 2 completed games for 20250217
2025-11-04 19:33:36,117 - INFO - Fetching: https://site.api.espn.com/apis/site/v2/sports/basketball/mens-college-basketball/scoreboard
2025-11-04 19:33:37,488 - INFO - Found 9 completed games for 20250218
2025-11-04 19:33:37,490 - INFO - Fetching: https://site.api.espn.com/apis/site/v2/sports/basketball/mens-college-basketball/scoreboard
2025-11-04 19:33:38,599 - INFO - Found 4 completed games for 20250219
2025-11-04 19:33:38,601 - INFO - Fetching: https://site.api.espn.com/apis/site/v2/sports/basketball/mens-college-basketball/scoreboard
2025-11-04 19:33:39,691 - INFO - Found 1 completed games for 20250220
2025-11-04 19:33:39,693 - INFO - Fetching: https://site.api.espn.com/apis/site/v2/sports/basketball/mens-college-basketball/scoreboard
2025-11-04 19:33:40,804 - INFO - Found 2 completed games for 20250221
2025-11-04 19:33:40,806 - INFO - Fetching: https://site.api.espn.com/apis/site/v2/sports/basketball/mens-college-basketball/scoreboard
2025-11-04 19:33:41,916 - INFO - Found 15 completed games for 20250222
2025-11-04 19:33:41,919 - INFO - Fetching: https://site.api.espn.com/apis/site/v2/sports/basketball/mens-college-basketball/scoreboard
2025-11-04 19:33:43,036 - INFO - Found 3 completed games for 20250223
2025-11-04 19:33:43,037 - INFO - Fetching: https://site.api.espn.com/apis/site/v2/sports/basketball/mens-college-basketball/scoreboard
2025-11-04 19:33:44,149 - INFO - Found 2 completed games for 20250224
2025-11-04 19:33:44,151 - INFO - Fetching: https://site.api.espn.com/apis/site/v2/sports/basketball/mens-college-basketball/scoreboard
2025-11-04 19:33:45,245 - INFO - Found 9 completed games for 20250225
2025-11-04 19:33:45,248 - INFO - Fetching: https://site.api.espn.com/apis/site/v2/sports/basketball/mens-college-basketball/scoreboard
2025-11-04 19:33:47,726 - INFO - Found 9 completed games for 20250226
2025-11-04 19:33:47,728 - INFO - Fetching: https://site.api.espn.com/apis/site/v2/sports/basketball/mens-college-basketball/scoreboard
2025-11-04 19:33:48,835 - INFO - Found 2 completed games for 20250227
2025-11-04 19:33:48,837 - INFO - Fetching: https://site.api.espn.com/apis/site/v2/sports/basketball/mens-college-basketball/scoreboard
2025-11-04 19:33:49,954 - INFO - Found 1 completed games for 20250228
2025-11-04 19:33:49,955 - INFO - Fetching: https://site.api.espn.com/apis/site/v2/sports/basketball/mens-college-basketball/scoreboard
2025-11-04 19:33:51,071 - INFO - Found 16 completed games for 20250301
2025-11-04 19:33:51,073 - INFO - Fetching: https://site.api.espn.com/apis/site/v2/sports/basketball/mens-college-basketball/scoreboard
2025-11-04 19:33:52,186 - INFO - Found 3 completed games for 20250302
2025-11-04 19:33:52,188 - INFO - Fetching: https://site.api.espn.com/apis/site/v2/sports/basketball/mens-college-basketball/scoreboard
2025-11-04 19:33:53,299 - INFO - Found 2 completed games for 20250303
2025-11-04 19:33:53,301 - INFO - Fetching: https://site.api.espn.com/apis/site/v2/sports/basketball/mens-college-basketball/scoreboard
2025-11-04 19:33:54,411 - INFO - Found 7 completed games for 20250304
2025-11-04 19:33:54,413 - INFO - Fetching: https://site.api.espn.com/apis/site/v2/sports/basketball/mens-college-basketball/scoreboard
2025-11-04 19:33:55,585 - INFO - Found 9 completed games for 20250305
2025-11-04 19:33:55,587 - INFO - Fetching: https://site.api.espn.com/apis/site/v2/sports/basketball/mens-college-basketball/scoreboard
2025-11-04 19:33:56,690 - INFO - Found 1 completed games for 20250306
2025-11-04 19:33:56,692 - INFO - Fetching: https://site.api.espn.com/apis/site/v2/sports/basketball/mens-college-basketball/scoreboard
2025-11-04 19:33:57,794 - INFO - Found 2 completed games for 20250307
2025-11-04 19:33:57,796 - INFO - Fetching: https://site.api.espn.com/apis/site/v2/sports/basketball/mens-college-basketball/scoreboard
2025-11-04 19:33:59,166 - INFO - Found 17 completed games for 20250308
2025-11-04 19:33:59,169 - INFO - Fetching: https://site.api.espn.com/apis/site/v2/sports/basketball/mens-college-basketball/scoreboard
2025-11-04 19:34:00,285 - INFO - Found 1 completed games for 20250309
2025-11-04 19:34:00,287 - INFO - Fetching: https://site.api.espn.com/apis/site/v2/sports/basketball/mens-college-basketball/scoreboard
2025-11-04 19:34:01,378 - INFO - Found 1 completed games for 20250310
2025-11-04 19:34:01,379 - INFO - Fetching: https://site.api.espn.com/apis/site/v2/sports/basketball/mens-college-basketball/scoreboard
2025-11-04 19:34:02,468 - INFO - Found 1 completed games for 20250311
2025-11-04 19:34:02,469 - INFO - Fetching: https://site.api.espn.com/apis/site/v2/sports/basketball/mens-college-basketball/scoreboard
2025-11-04 19:34:03,568 - INFO - Found 1 completed games for 20250312
2025-11-04 19:34:03,569 - INFO - Fetching: https://site.api.espn.com/apis/site/v2/sports/basketball/mens-college-basketball/scoreboard
2025-11-04 19:34:04,689 - INFO - Found 15 completed games for 20250313
2025-11-04 19:34:04,694 - INFO - Fetching: https://site.api.espn.com/apis/site/v2/sports/basketball/mens-college-basketball/scoreboard
2025-11-04 19:34:05,869 - INFO - Found 14 completed games for 20250314
2025-11-04 19:34:05,871 - INFO - Fetching: https://site.api.espn.com/apis/site/v2/sports/basketball/mens-college-basketball/scoreboard
2025-11-04 19:34:06,982 - INFO - Found 8 completed games for 20250315
2025-11-04 19:34:06,984 - INFO - Fetching: https://site.api.espn.com/apis/site/v2/sports/basketball/mens-college-basketball/scoreboard
2025-11-04 19:34:08,065 - INFO - Found 3 completed games for 20250316
2025-11-04 19:34:08,067 - INFO - Fetching: https://site.api.espn.com/apis/site/v2/sports/basketball/mens-college-basketball/scoreboard
2025-11-04 19:34:09,182 - INFO - Found 0 completed games for 20250317
2025-11-04 19:34:09,184 - INFO - Fetching: https://site.api.espn.com/apis/site/v2/sports/basketball/mens-college-basketball/scoreboard
2025-11-04 19:34:10,287 - INFO - Found 2 completed games for 20250318
2025-11-04 19:34:10,290 - INFO - Fetching: https://site.api.espn.com/apis/site/v2/sports/basketball/mens-college-basketball/scoreboard
2025-11-04 19:34:11,391 - INFO - Found 2 completed games for 20250319
2025-11-04 19:34:11,393 - INFO - Fetching: https://site.api.espn.com/apis/site/v2/sports/basketball/mens-college-basketball/scoreboard
2025-11-04 19:34:12,496 - INFO - Found 16 completed games for 20250320
2025-11-04 19:34:12,498 - INFO - Fetching: https://site.api.espn.com/apis/site/v2/sports/basketball/mens-college-basketball/scoreboard
2025-11-04 19:34:13,588 - INFO - Found 16 completed games for 20250321
2025-11-04 19:34:13,591 - INFO - Fetching: https://site.api.espn.com/apis/site/v2/sports/basketball/mens-college-basketball/scoreboard
2025-11-04 19:34:14,697 - INFO - Found 8 completed games for 20250322
2025-11-04 19:34:14,699 - INFO - Fetching: https://site.api.espn.com/apis/site/v2/sports/basketball/mens-college-basketball/scoreboard
2025-11-04 19:34:15,858 - INFO - Found 8 completed games for 20250323
2025-11-04 19:34:15,860 - INFO - Fetching: https://site.api.espn.com/apis/site/v2/sports/basketball/mens-college-basketball/scoreboard
2025-11-04 19:34:16,948 - INFO - Found 0 completed games for 20250324
2025-11-04 19:34:16,949 - INFO - Fetching: https://site.api.espn.com/apis/site/v2/sports/basketball/mens-college-basketball/scoreboard
2025-11-04 19:34:19,367 - INFO - Found 0 completed games for 20250325
2025-11-04 19:34:19,368 - INFO - Fetching: https://site.api.espn.com/apis/site/v2/sports/basketball/mens-college-basketball/scoreboard
2025-11-04 19:34:20,468 - INFO - Found 0 completed games for 20250326
2025-11-04 19:34:20,470 - INFO - Fetching: https://site.api.espn.com/apis/site/v2/sports/basketball/mens-college-basketball/scoreboard
2025-11-04 19:34:21,567 - INFO - Found 4 completed games for 20250327
2025-11-04 19:34:21,570 - INFO - Fetching: https://site.api.espn.com/apis/site/v2/sports/basketball/mens-college-basketball/scoreboard
2025-11-04 19:34:22,877 - INFO - Found 4 completed games for 20250328
2025-11-04 19:34:22,879 - INFO - Fetching: https://site.api.espn.com/apis/site/v2/sports/basketball/mens-college-basketball/scoreboard
2025-11-04 19:34:24,043 - INFO - Found 2 completed games for 20250329
2025-11-04 19:34:24,045 - INFO - Fetching: https://site.api.espn.com/apis/site/v2/sports/basketball/mens-college-basketball/scoreboard
2025-11-04 19:34:25,130 - INFO - Found 2 completed games for 20250330
2025-11-04 19:34:25,131 - INFO - Fetching: https://site.api.espn.com/apis/site/v2/sports/basketball/mens-college-basketball/scoreboard
2025-11-04 19:34:26,216 - INFO - Found 0 completed games for 20250331
2025-11-04 19:34:26,218 - INFO - Fetching: https://site.api.espn.com/apis/site/v2/sports/basketball/mens-college-basketball/scoreboard
2025-11-04 19:34:27,315 - INFO - Found 0 completed games for 20250401
2025-11-04 19:34:27,316 - INFO - Fetching: https://site.api.espn.com/apis/site/v2/sports/basketball/mens-college-basketball/scoreboard
2025-11-04 19:34:28,406 - INFO - Found 0 completed games for 20250402
2025-11-04 19:34:28,407 - INFO - Fetching: https://site.api.espn.com/apis/site/v2/sports/basketball/mens-college-basketball/scoreboard
2025-11-04 19:34:29,514 - INFO - Found 0 completed games for 20250403
2025-11-04 19:34:29,515 - INFO - Fetching: https://site.api.espn.com/apis/site/v2/sports/basketball/mens-college-basketball/scoreboard
2025-11-04 19:34:30,624 - INFO - Found 0 completed games for 20250404
2025-11-04 19:34:30,625 - INFO - Fetching: https://site.api.espn.com/apis/site/v2/sports/basketball/mens-college-basketball/scoreboard
2025-11-04 19:34:31,710 - INFO - Found 2 completed games for 20250405
2025-11-04 19:34:31,711 - INFO - Fetching: https://site.api.espn.com/apis/site/v2/sports/basketball/mens-college-basketball/scoreboard
2025-11-04 19:34:32,819 - INFO - Found 0 completed games for 20250406
2025-11-04 19:34:32,820 - INFO - Fetching: https://site.api.espn.com/apis/site/v2/sports/basketball/mens-college-basketball/scoreboard
2025-11-04 19:34:33,908 - INFO - Found 1 completed games for 20250407
2025-11-04 19:34:33,910 - INFO - Fetching: https://site.api.espn.com/apis/site/v2/sports/basketball/mens-college-basketball/scoreboard
2025-11-04 19:34:35,009 - INFO - Found 0 completed games for 20250408
2025-11-04 19:34:35,010 - INFO - Fetching: https://site.api.espn.com/apis/site/v2/sports/basketball/mens-college-basketball/scoreboard
2025-11-04 19:34:36,131 - INFO - Found 0 completed games for 20250409
2025-11-04 19:34:36,132 - INFO - Fetching: https://site.api.espn.com/apis/site/v2/sports/basketball/mens-college-basketball/scoreboard
2025-11-04 19:34:37,222 - INFO - Found 0 completed games for 20250410
2025-11-04 19:34:37,223 - INFO - Fetching: https://site.api.espn.com/apis/site/v2/sports/basketball/mens-college-basketball/scoreboard
2025-11-04 19:34:38,343 - INFO - Found 0 completed games for 20250411
2025-11-04 19:34:38,344 - INFO - Fetching: https://site.api.espn.com/apis/site/v2/sports/basketball/mens-college-basketball/scoreboard
2025-11-04 19:34:39,465 - INFO - Found 0 completed games for 20250412
2025-11-04 19:34:39,466 - INFO - Fetching: https://site.api.espn.com/apis/site/v2/sports/basketball/mens-college-basketball/scoreboard
2025-11-04 19:34:40,578 - INFO - Found 0 completed games for 20250413
2025-11-04 19:34:40,579 - INFO - Fetching: https://site.api.espn.com/apis/site/v2/sports/basketball/mens-college-basketball/scoreboard
2025-11-04 19:34:41,665 - INFO - Found 0 completed games for 20250414
2025-11-04 19:34:41,666 - INFO - Fetching: https://site.api.espn.com/apis/site/v2/sports/basketball/mens-college-basketball/scoreboard
2025-11-04 19:34:42,765 - INFO - Found 0 completed games for 20250415
2025-11-04 19:34:42,767 - INFO - Fetching: https://site.api.espn.com/apis/site/v2/sports/basketball/mens-college-basketball/scoreboard
2025-11-04 19:34:43,870 - INFO - Found 0 completed games for 20250416
2025-11-04 19:34:43,872 - INFO - Fetching: https://site.api.espn.com/apis/site/v2/sports/basketball/mens-college-basketball/scoreboard
2025-11-04 19:34:44,973 - INFO - Found 0 completed games for 20250417
2025-11-04 19:34:44,975 - INFO - Fetching: https://site.api.espn.com/apis/site/v2/sports/basketball/mens-college-basketball/scoreboard
2025-11-04 19:34:46,058 - INFO - Found 0 completed games for 20250418
2025-11-04 19:34:46,059 - INFO - Fetching: https://site.api.espn.com/apis/site/v2/sports/basketball/mens-college-basketball/scoreboard
2025-11-04 19:34:47,151 - INFO - Found 0 completed games for 20250419
2025-11-04 19:34:47,152 - INFO - Fetching: https://site.api.espn.com/apis/site/v2/sports/basketball/mens-college-basketball/scoreboard
2025-11-04 19:34:48,239 - INFO - Found 0 completed games for 20250420
2025-11-04 19:34:48,240 - INFO - Fetching: https://site.api.espn.com/apis/site/v2/sports/basketball/mens-college-basketball/scoreboard
2025-11-04 19:34:50,683 - INFO - Found 0 completed games for 20250421
2025-11-04 19:34:50,685 - INFO - Fetching: https://site.api.espn.com/apis/site/v2/sports/basketball/mens-college-basketball/scoreboard
2025-11-04 19:34:51,773 - INFO - Found 0 completed games for 20250422
2025-11-04 19:34:51,774 - INFO - Fetching: https://site.api.espn.com/apis/site/v2/sports/basketball/mens-college-basketball/scoreboard
2025-11-04 19:34:52,889 - INFO - Found 0 completed games for 20250423
2025-11-04 19:34:52,890 - INFO - Fetching: https://site.api.espn.com/apis/site/v2/sports/basketball/mens-college-basketball/scoreboard
2025-11-04 19:34:54,019 - INFO - Found 0 completed games for 20250424
2025-11-04 19:34:54,021 - INFO - Fetching: https://site.api.espn.com/apis/site/v2/sports/basketball/mens-college-basketball/scoreboard
2025-11-04 19:34:55,117 - INFO - Found 0 completed games for 20250425
2025-11-04 19:34:55,119 - INFO - Fetching: https://site.api.espn.com/apis/site/v2/sports/basketball/mens-college-basketball/scoreboard
2025-11-04 19:34:56,562 - INFO - Found 0 completed games for 20250426
2025-11-04 19:34:56,564 - INFO - Fetching: https://site.api.espn.com/apis/site/v2/sports/basketball/mens-college-basketball/scoreboard
2025-11-04 19:34:57,655 - INFO - Found 0 completed games for 20250427
2025-11-04 19:34:57,656 - INFO - Fetching: https://site.api.espn.com/apis/site/v2/sports/basketball/mens-college-basketball/scoreboard
2025-11-04 19:34:58,744 - INFO - Found 0 completed games for 20250428
2025-11-04 19:34:58,745 - INFO - Fetching: https://site.api.espn.com/apis/site/v2/sports/basketball/mens-college-basketball/scoreboard
2025-11-04 19:34:59,844 - INFO - Found 0 completed games for 20250429
2025-11-04 19:34:59,845 - INFO - Fetching: https://site.api.espn.com/apis/site/v2/sports/basketball/mens-college-basketball/scoreboard
2025-11-04 19:35:01,003 - INFO - Found 0 completed games for 20250430
2025-11-04 19:35:01,169 - INFO - Saved 978 games to database
2025-11-04 19:35:01,957 - INFO - Calculated stats for 350 teams
2025-11-04 19:35:02,026 - INFO - Saved 350 team stats to database
2025-11-04 19:35:02,027 - INFO - Completed scrape for 2025 season
2025-11-04 19:35:04,027 - INFO - Completed multi-season scrape

============================================================
✓ Scraping complete!
============================================================

Data saved to: data/database.db
Check the database for scraped games and team statistics.
